"Raw Weather Data for Austin, TX",,
,Total Daily Precipitation,
Date,(inches),Station Used
10/1/13,0,AUSTIN-BERGSTROM INT
10/2/13,0,AUSTIN-BERGSTROM INT
10/3/13,0,AUSTIN-BERGSTROM INT
10/4/13,0,AUSTIN-BERGSTROM INT
10/5/13,0,AUSTIN-BERGSTROM INT
10/6/13,0.43,AUSTIN-BERGSTROM INT
10/7/13,0.76,AUSTIN-BERGSTROM INT
10/8/13,0,AUSTIN-BERGSTROM INT
10/9/13,0,AUSTIN-BERGSTROM INT
10/10/13,0,AUSTIN-BERGSTROM INT
10/11/13,0,AUSTIN-BERGSTROM INT
10/12/13,0.03,AUSTIN-BERGSTROM INT
10/13/13,5.49,AUSTIN-BERGSTROM INT
10/14/13,0.75,AUSTIN-BERGSTROM INT
10/15/13,0.42,AUSTIN-BERGSTROM INT
10/16/13,0.37,AUSTIN-BERGSTROM INT
10/17/13,0.48,AUSTIN-BERGSTROM INT
10/18/13,0,AUSTIN-BERGSTROM INT
10/19/13,0.01,AUSTIN-BERGSTROM INT
10/20/13,0,AUSTIN-BERGSTROM INT
10/21/13,0,AUSTIN-BERGSTROM INT
10/22/13,0.53,AUSTIN-BERGSTROM INT
10/23/13,0,AUSTIN-BERGSTROM INT
10/24/13,0,AUSTIN-BERGSTROM INT
10/25/13,0,AUSTIN-BERGSTROM INT
10/26/13,0,AUSTIN-BERGSTROM INT
10/27/13,0.1,AUSTIN-BERGSTROM INT
10/28/13,0.03,AUSTIN-BERGSTROM INT
10/29/13,0,AUSTIN-BERGSTROM INT
10/30/13,0.14,AUSTIN-BERGSTROM INT
10/31/13,4.52,AUSTIN-BERGSTROM INT
11/1/13,0.01,AUSTIN-BERGSTROM INT
11/2/13,0,AUSTIN-BERGSTROM INT
11/3/13,0,AUSTIN-BERGSTROM INT
11/4/13,0,AUSTIN-BERGSTROM INT
11/5/13,0.04,AUSTIN-BERGSTROM INT
11/6/13,0.34,AUSTIN-BERGSTROM INT
11/7/13,0.28,AUSTIN-BERGSTROM INT
11/8/13,0,AUSTIN-BERGSTROM INT
11/9/13,0,AUSTIN-BERGSTROM INT
11/10/13,0.03,AUSTIN-BERGSTROM INT
11/11/13,0,AUSTIN-BERGSTROM INT
11/12/13,0,AUSTIN-BERGSTROM INT
11/13/13,0,AUSTIN-BERGSTROM INT
11/14/13,0,AUSTIN-BERGSTROM INT
11/15/13,0,AUSTIN-BERGSTROM INT
11/16/13,0,AUSTIN-BERGSTROM INT
11/17/13,0,AUSTIN-BERGSTROM INT
11/18/13,0,AUSTIN-BERGSTROM INT
11/19/13,0,AUSTIN-BERGSTROM INT
11/20/13,0,AUSTIN-BERGSTROM INT
11/21/13,0.01,AUSTIN-BERGSTROM INT
11/22/13,1.27,AUSTIN-BERGSTROM INT
11/23/13,0.67,AUSTIN-BERGSTROM INT
11/24/13,0.02,AUSTIN-BERGSTROM INT
11/25/13,0.47,AUSTIN-BERGSTROM INT
11/26/13,0.61,AUSTIN-BERGSTROM INT
11/27/13,0,AUSTIN-BERGSTROM INT
11/28/13,0,AUSTIN-BERGSTROM INT
11/29/13,0,AUSTIN-BERGSTROM INT
11/30/13,0,AUSTIN-BERGSTROM INT
12/1/13,0,AUSTIN-BERGSTROM INT
12/2/13,0,AUSTIN-BERGSTROM INT
12/3/13,0,AUSTIN-BERGSTROM INT
12/4/13,0,AUSTIN-BERGSTROM INT
12/5/13,0.01,AUSTIN-BERGSTROM INT
12/6/13,0.07,AUSTIN-BERGSTROM INT
12/7/13,0,AUSTIN-BERGSTROM INT
12/8/13,0,AUSTIN-BERGSTROM INT
12/9/13,0,AUSTIN-BERGSTROM INT
12/10/13,0.04,AUSTIN-BERGSTROM INT
12/11/13,0,AUSTIN-BERGSTROM INT
12/12/13,0,AUSTIN-BERGSTROM INT
12/13/13,0,AUSTIN-BERGSTROM INT
12/14/13,0.15,AUSTIN-BERGSTROM INT
12/15/13,0,AUSTIN-BERGSTROM INT
12/16/13,0,AUSTIN-BERGSTROM INT
12/17/13,0,AUSTIN-BERGSTROM INT
12/18/13,0,AUSTIN-BERGSTROM INT
12/19/13,0,AUSTIN-BERGSTROM INT
12/20/13,0,AUSTIN-BERGSTROM INT
12/21/13,0.2,AUSTIN-BERGSTROM INT
12/22/13,0.26,AUSTIN-BERGSTROM INT
12/23/13,0,AUSTIN-BERGSTROM INT
12/24/13,0,AUSTIN-BERGSTROM INT
12/25/13,0,AUSTIN-BERGSTROM INT
12/26/13,0,AUSTIN-BERGSTROM INT
12/27/13,0,AUSTIN-BERGSTROM INT
12/28/13,0,AUSTIN-BERGSTROM INT
12/29/13,0,AUSTIN-BERGSTROM INT
12/30/13,0,AUSTIN-BERGSTROM INT
12/31/13,0,AUSTIN-BERGSTROM INT
1/1/14,0,AUSTIN-BERGSTROM INT
1/2/14,0,AUSTIN-BERGSTROM INT
1/3/14,0,AUSTIN-BERGSTROM INT
1/4/14,0,AUSTIN-BERGSTROM INT
1/5/14,0,AUSTIN-BERGSTROM INT
1/6/14,0,AUSTIN-BERGSTROM INT
1/7/14,0,AUSTIN-BERGSTROM INT
1/8/14,0.02,AUSTIN-BERGSTROM INT
1/9/14,0.14,AUSTIN-BERGSTROM INT
1/10/14,0.01,AUSTIN-BERGSTROM INT
1/11/14,0.09,AUSTIN-BERGSTROM INT
1/12/14,0,AUSTIN-BERGSTROM INT
1/13/14,0.01,AUSTIN-BERGSTROM INT
1/14/14,0,AUSTIN-BERGSTROM INT
1/15/14,0,AUSTIN-BERGSTROM INT
1/16/14,0,AUSTIN-BERGSTROM INT
1/17/14,0,AUSTIN-BERGSTROM INT
1/18/14,0,AUSTIN-BERGSTROM INT
1/19/14,0,AUSTIN-BERGSTROM INT
1/20/14,0,AUSTIN-BERGSTROM INT
1/21/14,0,AUSTIN-BERGSTROM INT
1/22/14,0,AUSTIN-BERGSTROM INT
1/23/14,0,AUSTIN-BERGSTROM INT
1/24/14,0.11,AUSTIN-BERGSTROM INT
1/25/14,0.05,AUSTIN-BERGSTROM INT
1/26/14,0,AUSTIN-BERGSTROM INT
1/27/14,0,AUSTIN-BERGSTROM INT
1/28/14,0.03,AUSTIN-BERGSTROM INT
1/29/14,0.04,AUSTIN-BERGSTROM INT
1/30/14,0,AUSTIN-BERGSTROM INT
1/31/14,0,AUSTIN-BERGSTROM INT
2/1/14,0,AUSTIN-BERGSTROM INT
2/2/14,0,AUSTIN-BERGSTROM INT
2/3/14,0.02,AUSTIN-BERGSTROM INT
2/4/14,0.13,AUSTIN-BERGSTROM INT
2/5/14,0.02,AUSTIN-BERGSTROM INT
2/6/14,0,AUSTIN-BERGSTROM INT
2/7/14,0,AUSTIN-BERGSTROM INT
2/8/14,0,AUSTIN-BERGSTROM INT
2/9/14,0,AUSTIN-BERGSTROM INT
2/10/14,0,AUSTIN-BERGSTROM INT
2/11/14,0,AUSTIN-BERGSTROM INT
2/12/14,0.1,AUSTIN-BERGSTROM INT
2/13/14,0,AUSTIN-BERGSTROM INT
2/14/14,0,AUSTIN-BERGSTROM INT
2/15/14,0,AUSTIN-BERGSTROM INT
2/16/14,0,AUSTIN-BERGSTROM INT
2/17/14,0,AUSTIN-BERGSTROM INT
2/18/14,0,AUSTIN-BERGSTROM INT
2/19/14,0,AUSTIN-BERGSTROM INT
2/20/14,0,AUSTIN-BERGSTROM INT
2/21/14,0,AUSTIN-BERGSTROM INT
2/22/14,0,AUSTIN-BERGSTROM INT
2/23/14,0,AUSTIN-BERGSTROM INT
2/24/14,0,AUSTIN-BERGSTROM INT
2/25/14,0.02,AUSTIN-BERGSTROM INT
2/26/14,0.06,AUSTIN-BERGSTROM INT
2/27/14,0.05,AUSTIN-BERGSTROM INT
2/28/14,0,AUSTIN-BERGSTROM INT
3/1/14,0,AUSTIN-BERGSTROM INT
3/2/14,0.01,AUSTIN-BERGSTROM INT
3/3/14,0.1,AUSTIN-BERGSTROM INT
3/4/14,0.25,AUSTIN-BERGSTROM INT
3/5/14,0.02,AUSTIN-BERGSTROM INT
3/6/14,0,AUSTIN-BERGSTROM INT
3/7/14,0,AUSTIN-BERGSTROM INT
3/8/14,0,AUSTIN-BERGSTROM INT
3/9/14,0.58,AUSTIN-BERGSTROM INT
3/10/14,0,AUSTIN-BERGSTROM INT
3/11/14,0,AUSTIN-BERGSTROM INT
3/12/14,0,AUSTIN-BERGSTROM INT
3/13/14,0,AUSTIN-BERGSTROM INT
3/14/14,0,AUSTIN-BERGSTROM INT
3/15/14,0,AUSTIN-BERGSTROM INT
3/16/14,0.07,AUSTIN-BERGSTROM INT
3/17/14,0,AUSTIN-BERGSTROM INT
3/18/14,0,AUSTIN-BERGSTROM INT
3/19/14,0,AUSTIN-BERGSTROM INT
3/20/14,0,AUSTIN-BERGSTROM INT
3/21/14,0,AUSTIN-BERGSTROM INT
3/22/14,0,AUSTIN-BERGSTROM INT
3/23/14,0,AUSTIN-BERGSTROM INT
3/24/14,0,AUSTIN-BERGSTROM INT
3/25/14,0,AUSTIN-BERGSTROM INT
3/26/14,0,AUSTIN-BERGSTROM INT
3/27/14,0.01,AUSTIN-BERGSTROM INT
3/28/14,0,AUSTIN-BERGSTROM INT
3/29/14,0,AUSTIN-BERGSTROM INT
3/30/14,0,AUSTIN-BERGSTROM INT
3/31/14,0,AUSTIN-BERGSTROM INT
4/1/14,0,AUSTIN-BERGSTROM INT
4/2/14,0,AUSTIN-BERGSTROM INT
4/3/14,0,AUSTIN-BERGSTROM INT
4/4/14,0,AUSTIN-BERGSTROM INT
4/5/14,0,AUSTIN-BERGSTROM INT
4/6/14,0.1,AUSTIN-BERGSTROM INT
4/7/14,0.1,AUSTIN-BERGSTROM INT
4/8/14,0.27,AUSTIN-BERGSTROM INT
4/9/14,0,AUSTIN-BERGSTROM INT
4/10/14,0,AUSTIN-BERGSTROM INT
4/11/14,0,AUSTIN-BERGSTROM INT
4/12/14,0,AUSTIN-BERGSTROM INT
4/13/14,0,AUSTIN-BERGSTROM INT
4/14/14,0,AUSTIN-BERGSTROM INT
4/15/14,1.14,AUSTIN-BERGSTROM INT
4/16/14,0,AUSTIN-BERGSTROM INT
4/17/14,0,AUSTIN-BERGSTROM INT
4/18/14,0.07,AUSTIN-BERGSTROM INT
4/19/14,0,AUSTIN-BERGSTROM INT
4/20/14,0,AUSTIN-BERGSTROM INT
4/21/14,0,AUSTIN-BERGSTROM INT
4/22/14,0,AUSTIN-BERGSTROM INT
4/23/14,0,AUSTIN-BERGSTROM INT
4/24/14,0,AUSTIN-BERGSTROM INT
4/25/14,0,AUSTIN-BERGSTROM INT
4/26/14,0,AUSTIN-BERGSTROM INT
4/27/14,0,AUSTIN-BERGSTROM INT
4/28/14,0,AUSTIN-BERGSTROM INT
4/29/14,0,AUSTIN-BERGSTROM INT
4/30/14,0,AUSTIN-BERGSTROM INT
5/1/14,0,AUSTIN-BERGSTROM INT
5/2/14,0,AUSTIN-BERGSTROM INT
5/3/14,0,AUSTIN-BERGSTROM INT
5/4/14,0,AUSTIN-BERGSTROM INT
5/5/14,0,AUSTIN-BERGSTROM INT
5/6/14,0,AUSTIN-BERGSTROM INT
5/7/14,0,AUSTIN-BERGSTROM INT
5/8/14,0,AUSTIN-BERGSTROM INT
5/9/14,0.06,AUSTIN-BERGSTROM INT
5/10/14,0,AUSTIN-BERGSTROM INT
5/11/14,0,AUSTIN-BERGSTROM INT
5/12/14,0,AUSTIN-BERGSTROM INT
5/13/14,3.27,AUSTIN-BERGSTROM INT
5/14/14,0.26,AUSTIN-BERGSTROM INT
5/15/14,0.07,AUSTIN-BERGSTROM INT
5/16/14,0,AUSTIN-BERGSTROM INT
5/17/14,0,AUSTIN-BERGSTROM INT
5/18/14,0,AUSTIN-BERGSTROM INT
5/19/14,0,AUSTIN-BERGSTROM INT
5/20/14,0,AUSTIN-BERGSTROM INT
5/21/14,0,AUSTIN-BERGSTROM INT
5/22/14,0,AUSTIN-BERGSTROM INT
5/23/14,0,AUSTIN-BERGSTROM INT
5/24/14,0.19,AUSTIN-BERGSTROM INT
5/25/14,0.02,AUSTIN-BERGSTROM INT
5/26/14,0.11,AUSTIN-BERGSTROM INT
5/27/14,3.09,AUSTIN-BERGSTROM INT
5/28/14,0.11,AUSTIN-BERGSTROM INT
5/29/14,0,AUSTIN-BERGSTROM INT
5/30/14,0,AUSTIN-BERGSTROM INT
5/31/14,0,AUSTIN-BERGSTROM INT
6/1/14,0,AUSTIN-BERGSTROM INT
6/2/14,0,AUSTIN-BERGSTROM INT
6/3/14,0,AUSTIN-BERGSTROM INT
6/4/14,0,AUSTIN-BERGSTROM INT
6/5/14,0,AUSTIN-BERGSTROM INT
6/6/14,0,AUSTIN-BERGSTROM INT
6/7/14,0,AUSTIN-BERGSTROM INT
6/8/14,0,AUSTIN-BERGSTROM INT
6/9/14,0,AUSTIN-BERGSTROM INT
6/10/14,0.55,AUSTIN-BERGSTROM INT
6/11/14,0,AUSTIN-BERGSTROM INT
6/12/14,0,AUSTIN-BERGSTROM INT
6/13/14,1.27,AUSTIN-BERGSTROM INT
6/14/14,0,AUSTIN-BERGSTROM INT
6/15/14,0,AUSTIN-BERGSTROM INT
6/16/14,0,AUSTIN-BERGSTROM INT
6/17/14,0,AUSTIN-BERGSTROM INT
6/18/14,0,AUSTIN-BERGSTROM INT
6/19/14,0.02,AUSTIN-BERGSTROM INT
6/20/14,0.01,AUSTIN-BERGSTROM INT
6/21/14,0,AUSTIN-BERGSTROM INT
6/22/14,0,AUSTIN-BERGSTROM INT
6/23/14,0,AUSTIN-BERGSTROM INT
6/24/14,0.27,AUSTIN-BERGSTROM INT
6/25/14,0.24,AUSTIN-BERGSTROM INT
6/26/14,0.49,AUSTIN-BERGSTROM INT
6/27/14,0.01,AUSTIN-BERGSTROM INT
6/28/14,0,AUSTIN-BERGSTROM INT
6/29/14,0,AUSTIN-BERGSTROM INT
6/30/14,0,AUSTIN-BERGSTROM INT
7/1/14,0,AUSTIN-BERGSTROM INT
7/2/14,0,AUSTIN-BERGSTROM INT
7/3/14,0.01,AUSTIN-BERGSTROM INT
7/4/14,0.07,AUSTIN-BERGSTROM INT
7/5/14,0,AUSTIN-BERGSTROM INT
7/6/14,0,AUSTIN-BERGSTROM INT
7/7/14,0,AUSTIN-BERGSTROM INT
7/8/14,0,AUSTIN-BERGSTROM INT
7/9/14,0,AUSTIN-BERGSTROM INT
7/10/14,0,AUSTIN-BERGSTROM INT
7/11/14,0,AUSTIN-BERGSTROM INT
7/12/14,0,AUSTIN-BERGSTROM INT
7/13/14,0,AUSTIN-BERGSTROM INT
7/14/14,0,AUSTIN-BERGSTROM INT
7/15/14,0,AUSTIN-BERGSTROM INT
7/16/14,0.06,AUSTIN-BERGSTROM INT
7/17/14,0.31,AUSTIN-BERGSTROM INT
7/18/14,5.05,AUSTIN-BERGSTROM INT
7/19/14,0.25,AUSTIN-BERGSTROM INT
7/20/14,0,AUSTIN-BERGSTROM INT
7/21/14,0,AUSTIN-BERGSTROM INT
7/22/14,0,AUSTIN-BERGSTROM INT
7/23/14,0,AUSTIN-BERGSTROM INT
7/24/14,0,AUSTIN-BERGSTROM INT
7/25/14,0.09,AUSTIN-BERGSTROM INT
7/26/14,0,AUSTIN-BERGSTROM INT
7/27/14,0,AUSTIN-BERGSTROM INT
7/28/14,0,AUSTIN-BERGSTROM INT
7/29/14,0,AUSTIN-BERGSTROM INT
7/30/14,0,AUSTIN-BERGSTROM INT
7/31/14,0,AUSTIN-BERGSTROM INT
8/1/14,0,AUSTIN-BERGSTROM INT
8/2/14,0,AUSTIN-BERGSTROM INT
8/3/14,0,AUSTIN-BERGSTROM INT
8/4/14,0,AUSTIN-BERGSTROM INT
8/5/14,0,AUSTIN-BERGSTROM INT
8/6/14,0,AUSTIN-BERGSTROM INT
8/7/14,0,AUSTIN-BERGSTROM INT
8/8/14,0,AUSTIN-BERGSTROM INT
8/9/14,0,AUSTIN-BERGSTROM INT
8/10/14,0,AUSTIN-BERGSTROM INT
8/11/14,0,AUSTIN-BERGSTROM INT
8/12/14,0.05,AUSTIN-BERGSTROM INT
8/13/14,0,AUSTIN-BERGSTROM INT
8/14/14,0,AUSTIN-BERGSTROM INT
8/15/14,0,AUSTIN-BERGSTROM INT
8/16/14,0,AUSTIN-BERGSTROM INT
8/17/14,0,AUSTIN-BERGSTROM INT
8/18/14,0,AUSTIN-BERGSTROM INT
8/19/14,0,AUSTIN-BERGSTROM INT
8/20/14,0,AUSTIN-BERGSTROM INT
8/21/14,0,AUSTIN-BERGSTROM INT
8/22/14,0,AUSTIN-BERGSTROM INT
8/23/14,0,AUSTIN-BERGSTROM INT
8/24/14,0,AUSTIN-BERGSTROM INT
8/25/14,0,AUSTIN-BERGSTROM INT
8/26/14,0,AUSTIN-BERGSTROM INT
8/27/14,0,AUSTIN-BERGSTROM INT
8/28/14,0,AUSTIN-BERGSTROM INT
8/29/14,0,AUSTIN-BERGSTROM INT
8/30/14,0.07,AUSTIN-BERGSTROM INT
8/31/14,0,AUSTIN-BERGSTROM INT
9/1/14,0,AUSTIN-BERGSTROM INT
9/2/14,0,AUSTIN-BERGSTROM INT
9/3/14,0.01,AUSTIN-BERGSTROM INT
9/4/14,0,AUSTIN-BERGSTROM INT
9/5/14,0.98,AUSTIN-BERGSTROM INT
9/6/14,0.02,AUSTIN-BERGSTROM INT
9/7/14,0.41,AUSTIN-BERGSTROM INT
9/8/14,0.08,AUSTIN-BERGSTROM INT
9/9/14,0,AUSTIN-BERGSTROM INT
9/10/14,0,AUSTIN-BERGSTROM INT
9/11/14,0,AUSTIN-BERGSTROM INT
9/12/14,0,AUSTIN-BERGSTROM INT
9/13/14,0.69,AUSTIN-BERGSTROM INT
9/14/14,0.21,AUSTIN-BERGSTROM INT
9/15/14,0,AUSTIN-BERGSTROM INT
9/16/14,0,AUSTIN-BERGSTROM INT
9/17/14,0.01,AUSTIN-BERGSTROM INT
9/18/14,1.28,AUSTIN-BERGSTROM INT
9/19/14,0.76,AUSTIN-BERGSTROM INT
9/20/14,0.01,AUSTIN-BERGSTROM INT
9/21/14,0,AUSTIN-BERGSTROM INT
9/22/14,0,AUSTIN-BERGSTROM INT
9/23/14,0,AUSTIN-BERGSTROM INT
9/24/14,0,AUSTIN-BERGSTROM INT
9/25/14,0,AUSTIN-BERGSTROM INT
9/26/14,0,AUSTIN-BERGSTROM INT
9/27/14,0,AUSTIN-BERGSTROM INT
9/28/14,0.01,AUSTIN-BERGSTROM INT
9/29/14,0,AUSTIN-BERGSTROM INT
9/30/14,0,AUSTIN-BERGSTROM INT
10/1/14,0,AUSTIN-BERGSTROM INT
10/2/14,0,AUSTIN-BERGSTROM INT
10/3/14,0.37,AUSTIN-BERGSTROM INT
10/4/14,0,AUSTIN-BERGSTROM INT
10/5/14,0,AUSTIN-BERGSTROM INT
10/6/14,0,AUSTIN-BERGSTROM INT
10/7/14,0,AUSTIN-BERGSTROM INT
10/8/14,0,AUSTIN-BERGSTROM INT
10/9/14,0.02,AUSTIN-BERGSTROM INT
10/10/14,0.01,AUSTIN-BERGSTROM INT
10/11/14,0.04,AUSTIN-BERGSTROM INT
10/12/14,1.15,AUSTIN-BERGSTROM INT
10/13/14,0,AUSTIN-BERGSTROM INT
10/14/14,0.16,AUSTIN-BERGSTROM INT
10/15/14,0,AUSTIN-BERGSTROM INT
10/16/14,0,AUSTIN-BERGSTROM INT
10/17/14,0,AUSTIN-BERGSTROM INT
10/18/14,0,AUSTIN-BERGSTROM INT
10/19/14,0,AUSTIN-BERGSTROM INT
10/20/14,0,AUSTIN-BERGSTROM INT
10/21/14,0,AUSTIN-BERGSTROM INT
10/22/14,0,AUSTIN-BERGSTROM INT
10/23/14,0.02,AUSTIN-BERGSTROM INT
10/24/14,0,AUSTIN-BERGSTROM INT
10/25/14,0,AUSTIN-BERGSTROM INT
10/26/14,0,AUSTIN-BERGSTROM INT
10/27/14,0,AUSTIN-BERGSTROM INT
10/28/14,0,AUSTIN-BERGSTROM INT
10/29/14,0,AUSTIN-BERGSTROM INT
10/30/14,0,AUSTIN-BERGSTROM INT
10/31/14,0.17,AUSTIN-BERGSTROM INT
11/1/14,0,AUSTIN-BERGSTROM INT
11/2/14,0,AUSTIN-BERGSTROM INT
11/3/14,0,AUSTIN-BERGSTROM INT
11/4/14,0,AUSTIN-BERGSTROM INT
11/5/14,1.57,AUSTIN-BERGSTROM INT
11/6/14,1.27,AUSTIN-BERGSTROM INT
11/7/14,0.01,AUSTIN-BERGSTROM INT
11/8/14,0,AUSTIN-BERGSTROM INT
11/9/14,0,AUSTIN-BERGSTROM INT
11/10/14,0,AUSTIN-BERGSTROM INT
11/11/14,0,AUSTIN-BERGSTROM INT
11/12/14,0,AUSTIN-BERGSTROM INT
11/13/14,0,AUSTIN-BERGSTROM INT
11/14/14,0,AUSTIN-BERGSTROM INT
11/15/14,0,AUSTIN-BERGSTROM INT
11/16/14,0.07,AUSTIN-BERGSTROM INT
11/17/14,0.01,AUSTIN-BERGSTROM INT
11/18/14,0,AUSTIN-BERGSTROM INT
11/19/14,0,AUSTIN-BERGSTROM INT
11/20/14,0,AUSTIN-BERGSTROM INT
11/21/14,0.27,AUSTIN-BERGSTROM INT
11/22/14,0.05,AUSTIN-BERGSTROM INT
11/23/14,3.4,AUSTIN-BERGSTROM INT
11/24/14,0,AUSTIN-BERGSTROM INT
11/25/14,0,AUSTIN-BERGSTROM INT
11/26/14,0,AUSTIN-BERGSTROM INT
11/27/14,0,AUSTIN-BERGSTROM INT
11/28/14,0,AUSTIN-BERGSTROM INT
11/29/14,0,AUSTIN-BERGSTROM INT
11/30/14,0,AUSTIN-BERGSTROM INT
12/1/14,0,AUSTIN-BERGSTROM INT
12/2/14,0,AUSTIN-BERGSTROM INT
12/3/14,0,AUSTIN-BERGSTROM INT
12/4/14,0,AUSTIN-BERGSTROM INT
12/5/14,0.04,AUSTIN-BERGSTROM INT
12/6/14,0,AUSTIN-BERGSTROM INT
12/7/14,0,AUSTIN-BERGSTROM INT
12/8/14,0,AUSTIN-BERGSTROM INT
12/9/14,0,AUSTIN-BERGSTROM INT
12/10/14,0,AUSTIN-BERGSTROM INT
12/11/14,0.17,AUSTIN-BERGSTROM INT
12/12/14,0.01,AUSTIN-BERGSTROM INT
12/13/14,0,AUSTIN-BERGSTROM INT
12/14/14,0,AUSTIN-BERGSTROM INT
12/15/14,0,AUSTIN-BERGSTROM INT
12/16/14,0,AUSTIN-BERGSTROM INT
12/17/14,0,AUSTIN-BERGSTROM INT
12/18/14,0.19,AUSTIN-BERGSTROM INT
12/19/14,1.38,AUSTIN-BERGSTROM INT
12/20/14,0.06,AUSTIN-BERGSTROM INT
12/21/14,0,AUSTIN-BERGSTROM INT
12/22/14,0,AUSTIN-BERGSTROM INT
12/23/14,0,AUSTIN-BERGSTROM INT
12/24/14,0,AUSTIN-BERGSTROM INT
12/25/14,0,AUSTIN-BERGSTROM INT
12/26/14,0,AUSTIN-BERGSTROM INT
12/27/14,0,AUSTIN-BERGSTROM INT
12/28/14,0.05,AUSTIN-BERGSTROM INT
12/29/14,0.22,AUSTIN-BERGSTROM INT
12/30/14,0,AUSTIN-BERGSTROM INT
12/31/14,0,AUSTIN-BERGSTROM INT
1/1/15,0.37,AUSTIN-BERGSTROM INT
1/2/15,0.31,AUSTIN-BERGSTROM INT
1/3/15,0.91,AUSTIN-BERGSTROM INT
1/4/15,0.63,AUSTIN-BERGSTROM INT
1/5/15,0,AUSTIN-BERGSTROM INT
1/6/15,0,AUSTIN-BERGSTROM INT
1/7/15,0,AUSTIN-BERGSTROM INT
1/8/15,0,AUSTIN-BERGSTROM INT
1/9/15,0,AUSTIN-BERGSTROM INT
1/10/15,0.04,AUSTIN-BERGSTROM INT
1/11/15,0.45,AUSTIN-BERGSTROM INT
1/12/15,0.01,AUSTIN-BERGSTROM INT
1/13/15,0,AUSTIN-BERGSTROM INT
1/14/15,0,AUSTIN-BERGSTROM INT
1/15/15,0,AUSTIN-BERGSTROM INT
1/16/15,0,AUSTIN-BERGSTROM INT
1/17/15,0,AUSTIN-BERGSTROM INT
1/18/15,0,AUSTIN-BERGSTROM INT
1/19/15,0,AUSTIN-BERGSTROM INT
1/20/15,0,AUSTIN-BERGSTROM INT
1/21/15,0,AUSTIN-BERGSTROM INT
1/22/15,0.79,AUSTIN-BERGSTROM INT
1/23/15,1.48,AUSTIN-BERGSTROM INT
1/24/15,0.36,AUSTIN-BERGSTROM INT
1/25/15,0,AUSTIN-BERGSTROM INT
1/26/15,0,AUSTIN-BERGSTROM INT
1/27/15,0,AUSTIN-BERGSTROM INT
1/28/15,0,AUSTIN-BERGSTROM INT
1/29/15,0,AUSTIN-BERGSTROM INT
1/30/15,0,AUSTIN-BERGSTROM INT
1/31/15,0,AUSTIN-BERGSTROM INT
2/1/15,0.33,AUSTIN-BERGSTROM INT
2/2/15,0,AUSTIN-BERGSTROM INT
2/3/15,0,AUSTIN-BERGSTROM INT
2/4/15,0.31,AUSTIN-BERGSTROM INT
2/5/15,0.01,AUSTIN-BERGSTROM INT
2/6/15,0,AUSTIN-BERGSTROM INT
2/7/15,0,AUSTIN-BERGSTROM INT
2/8/15,0,AUSTIN-BERGSTROM INT
2/9/15,0,AUSTIN-BERGSTROM INT
2/10/15,0,AUSTIN-BERGSTROM INT
2/11/15,0,AUSTIN-BERGSTROM INT
2/12/15,0,AUSTIN-BERGSTROM INT
2/13/15,0,AUSTIN-BERGSTROM INT
2/14/15,0,AUSTIN-BERGSTROM INT
2/15/15,0,AUSTIN-BERGSTROM INT
2/16/15,0.01,AUSTIN-BERGSTROM INT
2/17/15,0.01,AUSTIN-BERGSTROM INT
2/18/15,0,AUSTIN-BERGSTROM INT
2/19/15,0,AUSTIN-BERGSTROM INT
2/20/15,0,AUSTIN-BERGSTROM INT
2/21/15,0,AUSTIN-BERGSTROM INT
2/22/15,0,AUSTIN-BERGSTROM INT
2/23/15,0.03,AUSTIN-BERGSTROM INT
2/24/15,0,AUSTIN-BERGSTROM INT
2/25/15,0.01,AUSTIN-BERGSTROM INT
2/26/15,0.01,AUSTIN-BERGSTROM INT
2/27/15,0,AUSTIN-BERGSTROM INT
2/28/15,0.01,AUSTIN-BERGSTROM INT
3/1/15,0.16,AUSTIN-BERGSTROM INT
3/2/15,0.05,AUSTIN-BERGSTROM INT
3/3/15,0.01,AUSTIN-BERGSTROM INT
3/4/15,0.01,AUSTIN-BERGSTROM INT
3/5/15,0.28,AUSTIN-BERGSTROM INT
3/6/15,0.09,AUSTIN-BERGSTROM INT
3/7/15,0,AUSTIN-BERGSTROM INT
3/8/15,0.03,AUSTIN-BERGSTROM INT
3/9/15,0.9,AUSTIN-BERGSTROM INT
3/10/15,1.22,AUSTIN-BERGSTROM INT
3/11/15,0,AUSTIN-BERGSTROM INT
3/12/15,0.02,AUSTIN-BERGSTROM INT
3/13/15,0,AUSTIN-BERGSTROM INT
3/14/15,0,AUSTIN-BERGSTROM INT
3/15/15,0,AUSTIN-BERGSTROM INT
3/16/15,0,AUSTIN-BERGSTROM INT
3/17/15,0,AUSTIN-BERGSTROM INT
3/18/15,0.09,AUSTIN-BERGSTROM INT
3/19/15,0.05,AUSTIN-BERGSTROM INT
3/20/15,0,AUSTIN-BERGSTROM INT
3/21/15,1.49,AUSTIN-BERGSTROM INT
3/22/15,0.11,AUSTIN-BERGSTROM INT
3/23/15,0,AUSTIN-BERGSTROM INT
3/24/15,0,AUSTIN-BERGSTROM INT
3/25/15,0,AUSTIN-BERGSTROM INT
3/26/15,0.05,AUSTIN-BERGSTROM INT
3/27/15,0.06,AUSTIN-BERGSTROM INT
3/28/15,0,AUSTIN-BERGSTROM INT
3/29/15,0,AUSTIN-BERGSTROM INT
3/30/15,0,AUSTIN-BERGSTROM INT
3/31/15,0,AUSTIN-BERGSTROM INT
4/1/15,0,AUSTIN-BERGSTROM INT
4/2/15,0,AUSTIN-BERGSTROM INT
4/3/15,0,AUSTIN-BERGSTROM INT
4/4/15,0,AUSTIN-BERGSTROM INT
4/5/15,0.02,AUSTIN-BERGSTROM INT
4/6/15,0.02,AUSTIN-BERGSTROM INT
4/7/15,0,AUSTIN-BERGSTROM INT
4/8/15,0,AUSTIN-BERGSTROM INT
4/9/15,0,AUSTIN-BERGSTROM INT
4/10/15,0,AUSTIN-BERGSTROM INT
4/11/15,0.09,AUSTIN-BERGSTROM INT
4/12/15,0.01,AUSTIN-BERGSTROM INT
4/13/15,0.1,AUSTIN-BERGSTROM INT
4/14/15,0.04,AUSTIN-BERGSTROM INT
4/15/15,0,AUSTIN-BERGSTROM INT
4/16/15,0,AUSTIN-BERGSTROM INT
4/17/15,0.01,AUSTIN-BERGSTROM INT
4/18/15,0.41,AUSTIN-BERGSTROM INT
4/19/15,0.57,AUSTIN-BERGSTROM INT
4/20/15,0,AUSTIN-BERGSTROM INT
4/21/15,0,AUSTIN-BERGSTROM INT
4/22/15,0,AUSTIN-BERGSTROM INT
4/23/15,0,AUSTIN-BERGSTROM INT
4/24/15,0.21,AUSTIN-BERGSTROM INT
4/25/15,0.26,AUSTIN-BERGSTROM INT
4/26/15,0.06,AUSTIN-BERGSTROM INT
4/27/15,0.64,AUSTIN-BERGSTROM INT
4/28/15,0.43,AUSTIN-BERGSTROM INT
4/29/15,0,AUSTIN-BERGSTROM INT
4/30/15,0,AUSTIN-BERGSTROM INT
5/1/15,0,AUSTIN-BERGSTROM INT
5/2/15,0,AUSTIN-BERGSTROM INT
5/3/15,0,AUSTIN-BERGSTROM INT
5/4/15,0,AUSTIN-BERGSTROM INT
5/5/15,0,AUSTIN-BERGSTROM INT
5/6/15,3.85,AUSTIN-BERGSTROM INT
5/7/15,0,AUSTIN-BERGSTROM INT
5/8/15,0.02,AUSTIN-BERGSTROM INT
5/9/15,0.29,AUSTIN-BERGSTROM INT
5/10/15,0.02,AUSTIN-BERGSTROM INT
5/11/15,0,AUSTIN-BERGSTROM INT
5/12/15,0.4,AUSTIN-BERGSTROM INT
5/13/15,0.23,AUSTIN-BERGSTROM INT
5/14/15,1.13,AUSTIN-BERGSTROM INT
5/15/15,0.09,AUSTIN-BERGSTROM INT
5/16/15,0.34,AUSTIN-BERGSTROM INT
5/17/15,1.63,AUSTIN-BERGSTROM INT
5/18/15,0.97,AUSTIN-BERGSTROM INT
5/19/15,0.03,AUSTIN-BERGSTROM INT
5/20/15,0.42,AUSTIN-BERGSTROM INT
5/21/15,0.35,AUSTIN-BERGSTROM INT
5/22/15,0.02,AUSTIN-BERGSTROM INT
5/23/15,0.03,AUSTIN-BERGSTROM INT
5/24/15,1.97,AUSTIN-BERGSTROM INT
5/25/15,0.63,AUSTIN-BERGSTROM INT
5/26/15,5.2,AUSTIN-BERGSTROM INT
5/27/15,0.01,AUSTIN-BERGSTROM INT
5/28/15,0.19,AUSTIN-BERGSTROM INT
5/29/15,0.87,AUSTIN-BERGSTROM INT
5/30/15,1.12,AUSTIN-BERGSTROM INT
5/31/15,0.11,AUSTIN-BERGSTROM INT
6/1/15,0,AUSTIN-BERGSTROM INT
6/2/15,0,AUSTIN-BERGSTROM INT
6/3/15,0,AUSTIN-BERGSTROM INT
6/4/15,0,AUSTIN-BERGSTROM INT
6/5/15,0,AUSTIN-BERGSTROM INT
6/6/15,0,AUSTIN-BERGSTROM INT
6/7/15,0,AUSTIN-BERGSTROM INT
6/8/15,0,AUSTIN-BERGSTROM INT
6/9/15,0,AUSTIN-BERGSTROM INT
6/10/15,0,AUSTIN-BERGSTROM INT
6/11/15,0,AUSTIN-BERGSTROM INT
6/12/15,0,AUSTIN-BERGSTROM INT
6/13/15,0.01,AUSTIN-BERGSTROM INT
6/14/15,0.35,AUSTIN-BERGSTROM INT
6/15/15,1.05,AUSTIN-BERGSTROM INT
6/16/15,0.14,AUSTIN-BERGSTROM INT
6/17/15,1.86,AUSTIN-BERGSTROM INT
6/18/15,2.13,AUSTIN-BERGSTROM INT
6/19/15,0,AUSTIN-BERGSTROM INT
6/20/15,1.09,AUSTIN-BERGSTROM INT
6/21/15,0.5,AUSTIN-BERGSTROM INT
6/22/15,0.92,AUSTIN-BERGSTROM INT
6/23/15,0,AUSTIN-BERGSTROM INT
6/24/15,0.01,AUSTIN-BERGSTROM INT
6/25/15,0,AUSTIN-BERGSTROM INT
6/26/15,0,AUSTIN-BERGSTROM INT
6/27/15,0,AUSTIN-BERGSTROM INT
6/28/15,0.09,AUSTIN-BERGSTROM INT
6/29/15,0.33,AUSTIN-BERGSTROM INT
6/30/15,0,AUSTIN-BERGSTROM INT
7/1/15,0.75,AUSTIN-BERGSTROM INT
7/2/15,0.01,AUSTIN-BERGSTROM INT
7/3/15,0,AUSTIN-BERGSTROM INT
7/4/15,0,AUSTIN-BERGSTROM INT
7/5/15,0,AUSTIN-BERGSTROM INT
7/6/15,0,AUSTIN-BERGSTROM INT
7/7/15,0,AUSTIN-BERGSTROM INT
7/8/15,0,AUSTIN-BERGSTROM INT
7/9/15,0,AUSTIN-BERGSTROM INT
7/10/15,0,AUSTIN-BERGSTROM INT
7/11/15,0,AUSTIN-BERGSTROM INT
7/12/15,0,AUSTIN-BERGSTROM INT
7/13/15,0,AUSTIN-BERGSTROM INT
7/14/15,0,AUSTIN-BERGSTROM INT
7/15/15,0,AUSTIN-BERGSTROM INT
7/16/15,0,AUSTIN-BERGSTROM INT
7/17/15,0,AUSTIN-BERGSTROM INT
7/18/15,0,AUSTIN-BERGSTROM INT
7/19/15,0,AUSTIN-BERGSTROM INT
7/20/15,0,AUSTIN-BERGSTROM INT
7/21/15,0,AUSTIN-BERGSTROM INT
7/22/15,0,AUSTIN-BERGSTROM INT
7/23/15,0,AUSTIN-BERGSTROM INT
7/24/15,0,AUSTIN-BERGSTROM INT
7/25/15,0,AUSTIN-BERGSTROM INT
7/26/15,0,AUSTIN-BERGSTROM INT
7/27/15,0,AUSTIN-BERGSTROM INT
7/28/15,0,AUSTIN-BERGSTROM INT
7/29/15,0,AUSTIN-BERGSTROM INT
7/30/15,0,AUSTIN-BERGSTROM INT
7/31/15,0,AUSTIN-BERGSTROM INT
8/1/15,0,AUSTIN-BERGSTROM INT
8/2/15,0,AUSTIN-BERGSTROM INT
8/3/15,0,AUSTIN-BERGSTROM INT
8/4/15,0,AUSTIN-BERGSTROM INT
8/5/15,0,AUSTIN-BERGSTROM INT
8/6/15,0,AUSTIN-BERGSTROM INT
8/7/15,0,AUSTIN-BERGSTROM INT
8/8/15,0,AUSTIN-BERGSTROM INT
8/9/15,0,AUSTIN-BERGSTROM INT
8/10/15,0,AUSTIN-BERGSTROM INT
8/11/15,0,AUSTIN-BERGSTROM INT
8/12/15,0,AUSTIN-BERGSTROM INT
8/13/15,0,AUSTIN-BERGSTROM INT
8/14/15,0,AUSTIN-BERGSTROM INT
8/15/15,0,AUSTIN-BERGSTROM INT
8/16/15,0.02,AUSTIN-BERGSTROM INT
8/17/15,0,AUSTIN-BERGSTROM INT
8/18/15,0.06,AUSTIN-BERGSTROM INT
8/19/15,0,AUSTIN-BERGSTROM INT
8/20/15,0,AUSTIN-BERGSTROM INT
8/21/15,0.35,AUSTIN-BERGSTROM INT
8/22/15,0.16,AUSTIN-BERGSTROM INT
8/23/15,0,AUSTIN-BERGSTROM INT
8/24/15,0,AUSTIN-BERGSTROM INT
8/25/15,0,AUSTIN-BERGSTROM INT
8/26/15,0,AUSTIN-BERGSTROM INT
8/27/15,0,AUSTIN-BERGSTROM INT
8/28/15,0,AUSTIN-BERGSTROM INT
8/29/15,0,AUSTIN-BERGSTROM INT
8/30/15,0,AUSTIN-BERGSTROM INT
8/31/15,0,AUSTIN-BERGSTROM INT
9/1/15,0.11,AUSTIN-BERGSTROM INT
9/2/15,0.03,AUSTIN-BERGSTROM INT
9/3/15,0,AUSTIN-BERGSTROM INT
9/4/15,0,AUSTIN-BERGSTROM INT
9/5/15,0,AUSTIN-BERGSTROM INT
9/6/15,0.01,AUSTIN-BERGSTROM INT
9/7/15,0,AUSTIN-BERGSTROM INT
9/8/15,0,AUSTIN-BERGSTROM INT
9/9/15,0,AUSTIN-BERGSTROM INT
9/10/15,1.05,AUSTIN-BERGSTROM INT
9/11/15,0.79,AUSTIN-BERGSTROM INT
9/12/15,0.26,AUSTIN-BERGSTROM INT
9/13/15,0,AUSTIN-BERGSTROM INT
9/14/15,0,AUSTIN-BERGSTROM INT
9/15/15,0,AUSTIN-BERGSTROM INT
9/16/15,0,AUSTIN-BERGSTROM INT
9/17/15,0.04,AUSTIN-BERGSTROM INT
9/18/15,0,AUSTIN-BERGSTROM INT
9/19/15,0,AUSTIN-BERGSTROM INT
9/20/15,0,AUSTIN-BERGSTROM INT
9/21/15,0,AUSTIN-BERGSTROM INT
9/22/15,0,AUSTIN-BERGSTROM INT
9/23/15,0,AUSTIN-BERGSTROM INT
9/24/15,0,AUSTIN-BERGSTROM INT
9/25/15,0,AUSTIN-BERGSTROM INT
9/26/15,1.15,AUSTIN-BERGSTROM INT
9/27/15,0,AUSTIN-BERGSTROM INT
9/28/15,0,AUSTIN-BERGSTROM INT
9/29/15,0,AUSTIN-BERGSTROM INT
9/30/15,0,AUSTIN-BERGSTROM INT
10/1/15,0,AUSTIN-BERGSTROM INT
10/2/15,0,AUSTIN-BERGSTROM INT
10/3/15,0,AUSTIN-BERGSTROM INT
10/4/15,0,AUSTIN-BERGSTROM INT
10/5/15,0,AUSTIN-BERGSTROM INT
10/6/15,0,AUSTIN-BERGSTROM INT
10/7/15,0,AUSTIN-BERGSTROM INT
10/8/15,0,AUSTIN-BERGSTROM INT
10/9/15,0,AUSTIN-BERGSTROM INT
10/10/15,0,AUSTIN-BERGSTROM INT
10/11/15,0,AUSTIN-BERGSTROM INT
10/12/15,0,AUSTIN-BERGSTROM INT
10/13/15,0,AUSTIN-BERGSTROM INT
10/14/15,0,AUSTIN-BERGSTROM INT
10/15/15,0,AUSTIN-BERGSTROM INT
10/16/15,0,AUSTIN-BERGSTROM INT
10/17/15,0,AUSTIN-BERGSTROM INT
10/18/15,0,AUSTIN-BERGSTROM INT
10/19/15,0,AUSTIN-BERGSTROM INT
10/20/15,0,AUSTIN-BERGSTROM INT
10/21/15,0,AUSTIN-BERGSTROM INT
10/22/15,0.08,AUSTIN-BERGSTROM INT
10/23/15,0.21,AUSTIN-BERGSTROM INT
10/24/15,2.68,AUSTIN-BERGSTROM INT
10/25/15,2.8,AUSTIN-BERGSTROM INT
10/26/15,0.26,AUSTIN-BERGSTROM INT
10/27/15,0,AUSTIN-BERGSTROM INT
10/28/15,0,AUSTIN-BERGSTROM INT
10/29/15,0,AUSTIN-BERGSTROM INT
10/30/15,0.33,AUSTIN-BERGSTROM INT
10/31/15,5.49,AUSTIN-BERGSTROM INT
11/1/15,0.05,AUSTIN-BERGSTROM INT
11/2/15,0.02,AUSTIN-BERGSTROM INT
11/3/15,0,AUSTIN-BERGSTROM INT
11/4/15,0,AUSTIN-BERGSTROM INT
11/5/15,0,AUSTIN-BERGSTROM INT
11/6/15,0.05,AUSTIN-BERGSTROM INT
11/7/15,0.11,AUSTIN-BERGSTROM INT
11/8/15,0.44,AUSTIN-BERGSTROM INT
11/9/15,0,AUSTIN-BERGSTROM INT
11/10/15,0,AUSTIN-BERGSTROM INT
11/11/15,0,AUSTIN-BERGSTROM INT
11/12/15,0,AUSTIN-BERGSTROM INT
11/13/15,0,AUSTIN-BERGSTROM INT
11/14/15,0,AUSTIN-BERGSTROM INT
11/15/15,0.01,AUSTIN-BERGSTROM INT
11/16/15,0,AUSTIN-BERGSTROM INT
11/17/15,0.01,AUSTIN-BERGSTROM INT
11/18/15,1.03,AUSTIN-BERGSTROM INT
11/19/15,0,AUSTIN-BERGSTROM INT
11/20/15,0,AUSTIN-BERGSTROM INT
11/21/15,0,AUSTIN-BERGSTROM INT
11/22/15,0,AUSTIN-BERGSTROM INT
11/23/15,0,AUSTIN-BERGSTROM INT
11/24/15,0,AUSTIN-BERGSTROM INT
11/25/15,0.01,AUSTIN-BERGSTROM INT
11/26/15,0.24,AUSTIN-BERGSTROM INT
11/27/15,1.13,AUSTIN-BERGSTROM INT
11/28/15,0.81,AUSTIN-BERGSTROM INT
11/29/15,0.05,AUSTIN-BERGSTROM INT
11/30/15,0.02,AUSTIN-BERGSTROM INT
12/1/15,0,AUSTIN-BERGSTROM INT
12/2/15,0,AUSTIN-BERGSTROM INT
12/3/15,0,AUSTIN-BERGSTROM INT
12/4/15,0,AUSTIN-BERGSTROM INT
12/5/15,0,AUSTIN-BERGSTROM INT
12/6/15,0,AUSTIN-BERGSTROM INT
12/7/15,0,AUSTIN-BERGSTROM INT
12/8/15,0,AUSTIN-BERGSTROM INT
12/9/15,0,AUSTIN-BERGSTROM INT
12/10/15,0,AUSTIN-BERGSTROM INT
12/11/15,0,AUSTIN-BERGSTROM INT
12/12/15,0,AUSTIN-BERGSTROM INT
12/13/15,1.52,AUSTIN-BERGSTROM INT
12/14/15,0.03,AUSTIN-BERGSTROM INT
12/15/15,0,AUSTIN-BERGSTROM INT
12/16/15,0,AUSTIN-BERGSTROM INT
12/17/15,0,AUSTIN-BERGSTROM INT
12/18/15,0,AUSTIN-BERGSTROM INT
12/19/15,0,AUSTIN-BERGSTROM INT
12/20/15,0,AUSTIN-BERGSTROM INT
12/21/15,0,AUSTIN-BERGSTROM INT
12/22/15,0,AUSTIN-BERGSTROM INT
12/23/15,0,AUSTIN-BERGSTROM INT
12/24/15,0,AUSTIN-BERGSTROM INT
12/25/15,0,AUSTIN-BERGSTROM INT
12/26/15,0.01,AUSTIN-BERGSTROM INT
12/27/15,0.28,AUSTIN-BERGSTROM INT
12/28/15,1.14,AUSTIN-BERGSTROM INT
12/29/15,0,AUSTIN-BERGSTROM INT
12/30/15,0.03,AUSTIN-BERGSTROM INT
12/31/15,0,AUSTIN-BERGSTROM INT
1/1/16,0,AUSTIN-BERGSTROM INT
1/2/16,0,AUSTIN-BERGSTROM INT
1/3/16,0.2,AUSTIN-BERGSTROM INT
1/4/16,0,AUSTIN-BERGSTROM INT
1/5/16,0,AUSTIN-BERGSTROM INT
1/6/16,0.01,AUSTIN-BERGSTROM INT
1/7/16,0.13,AUSTIN-BERGSTROM INT
1/8/16,0,AUSTIN-BERGSTROM INT
1/9/16,0,AUSTIN-BERGSTROM INT
1/10/16,0,AUSTIN-BERGSTROM INT
1/11/16,0,AUSTIN-BERGSTROM INT
1/12/16,0,AUSTIN-BERGSTROM INT
1/13/16,0,AUSTIN-BERGSTROM INT
1/14/16,0,AUSTIN-BERGSTROM INT
1/15/16,0,AUSTIN-BERGSTROM INT
1/16/16,0,AUSTIN-BERGSTROM INT
1/17/16,0.01,AUSTIN-BERGSTROM INT
1/18/16,0,AUSTIN-BERGSTROM INT
1/19/16,0,AUSTIN-BERGSTROM INT
1/20/16,0,AUSTIN-BERGSTROM INT
1/21/16,0,AUSTIN-BERGSTROM INT
1/22/16,0.01,AUSTIN-BERGSTROM INT
1/23/16,0,AUSTIN-BERGSTROM INT
1/24/16,0,AUSTIN-BERGSTROM INT
1/25/16,0,AUSTIN-BERGSTROM INT
1/26/16,0,AUSTIN-BERGSTROM INT
1/27/16,0.16,AUSTIN-BERGSTROM INT
1/28/16,0,AUSTIN-BERGSTROM INT
1/29/16,0,AUSTIN-BERGSTROM INT
1/30/16,0,AUSTIN-BERGSTROM INT
1/31/16,0,AUSTIN-BERGSTROM INT
2/1/16,0,AUSTIN-BERGSTROM INT
2/2/16,0,AUSTIN-BERGSTROM INT
2/3/16,0,AUSTIN-BERGSTROM INT
2/4/16,0,AUSTIN-BERGSTROM INT
2/5/16,0,AUSTIN-BERGSTROM INT
2/6/16,0,AUSTIN-BERGSTROM INT
2/7/16,0,AUSTIN-BERGSTROM INT
2/8/16,0,AUSTIN-BERGSTROM INT
2/9/16,0,AUSTIN-BERGSTROM INT
2/10/16,0,AUSTIN-BERGSTROM INT
2/11/16,0,AUSTIN-BERGSTROM INT
2/12/16,0,AUSTIN-BERGSTROM INT
2/13/16,0,AUSTIN-BERGSTROM INT
2/14/16,0,AUSTIN-BERGSTROM INT
2/15/16,0,AUSTIN-BERGSTROM INT
2/16/16,0,AUSTIN-BERGSTROM INT
2/17/16,0,AUSTIN-BERGSTROM INT
2/18/16,0,AUSTIN-BERGSTROM INT
2/19/16,0,AUSTIN-BERGSTROM INT
2/20/16,0,AUSTIN-BERGSTROM INT
2/21/16,0,AUSTIN-BERGSTROM INT
2/22/16,0.01,AUSTIN-BERGSTROM INT
2/23/16,1.33,AUSTIN-BERGSTROM INT
2/24/16,1.14,AUSTIN-BERGSTROM INT
2/25/16,0,AUSTIN-BERGSTROM INT
2/26/16,0,AUSTIN-BERGSTROM INT
2/27/16,0,AUSTIN-BERGSTROM INT
2/28/16,0,AUSTIN-BERGSTROM INT
2/29/16,0,AUSTIN-BERGSTROM INT
3/1/16,0,AUSTIN-BERGSTROM INT
3/2/16,0,AUSTIN-BERGSTROM INT
3/3/16,0,AUSTIN-BERGSTROM INT
3/4/16,0,AUSTIN-BERGSTROM INT
3/5/16,0,AUSTIN-BERGSTROM INT
3/6/16,0,AUSTIN-BERGSTROM INT
3/7/16,0,AUSTIN-BERGSTROM INT
3/8/16,0.01,AUSTIN-BERGSTROM INT
3/9/16,1.45,AUSTIN-BERGSTROM INT
3/10/16,1.25,AUSTIN-BERGSTROM INT
3/11/16,0.39,AUSTIN-BERGSTROM INT
3/12/16,0.07,AUSTIN-BERGSTROM INT
3/13/16,0,AUSTIN-BERGSTROM INT
3/14/16,0,AUSTIN-BERGSTROM INT
3/15/16,0,AUSTIN-BERGSTROM INT
3/16/16,0,AUSTIN-BERGSTROM INT
3/17/16,0,AUSTIN-BERGSTROM INT
3/18/16,0.02,AUSTIN-BERGSTROM INT
3/19/16,0.07,AUSTIN-BERGSTROM INT
3/20/16,0,AUSTIN-BERGSTROM INT
3/21/16,0,AUSTIN-BERGSTROM INT
3/22/16,0,AUSTIN-BERGSTROM INT
3/23/16,0,AUSTIN-BERGSTROM INT
3/24/16,0.2,AUSTIN-BERGSTROM INT
3/25/16,0.5,AUSTIN-BERGSTROM INT
3/26/16,0,AUSTIN-BERGSTROM INT
3/27/16,0,AUSTIN-BERGSTROM INT
3/28/16,0.01,AUSTIN-BERGSTROM INT
3/29/16,0,AUSTIN-BERGSTROM INT
3/30/16,0.03,AUSTIN-BERGSTROM INT
3/31/16,0.01,AUSTIN-BERGSTROM INT
4/1/16,0.18,AUSTIN-BERGSTROM INT
4/2/16,0.16,AUSTIN-BERGSTROM INT
4/3/16,0,AUSTIN-BERGSTROM INT
4/4/16,0,AUSTIN-BERGSTROM INT
4/5/16,0,AUSTIN-BERGSTROM INT
4/6/16,0,AUSTIN-BERGSTROM INT
4/7/16,0,AUSTIN-BERGSTROM INT
4/8/16,0,AUSTIN-BERGSTROM INT
4/9/16,0,AUSTIN-BERGSTROM INT
4/10/16,0.02,AUSTIN-BERGSTROM INT
4/11/16,0,AUSTIN-BERGSTROM INT
4/12/16,0,AUSTIN-BERGSTROM INT
4/13/16,1.59,AUSTIN-BERGSTROM INT
4/14/16,0.4,AUSTIN-BERGSTROM INT
4/15/16,0,AUSTIN-BERGSTROM INT
4/16/16,0,AUSTIN-BERGSTROM INT
4/17/16,0.28,AUSTIN-BERGSTROM INT
4/18/16,1.96,AUSTIN-BERGSTROM INT
4/19/16,0.48,AUSTIN-BERGSTROM INT
4/20/16,0,AUSTIN-BERGSTROM INT
4/21/16,0.59,AUSTIN-BERGSTROM INT
4/22/16,0.4,AUSTIN-BERGSTROM INT
4/23/16,0,AUSTIN-BERGSTROM INT
4/24/16,0,AUSTIN-BERGSTROM INT
4/25/16,0,AUSTIN-BERGSTROM INT
4/26/16,0,AUSTIN-BERGSTROM INT
4/27/16,0.54,AUSTIN-BERGSTROM INT
4/28/16,0.44,AUSTIN-BERGSTROM INT
4/29/16,0,AUSTIN-BERGSTROM INT
4/30/16,0.92,AUSTIN-BERGSTROM INT
5/1/16,1.1,AUSTIN-BERGSTROM INT
5/2/16,0.14,AUSTIN-BERGSTROM INT
5/3/16,0.05,AUSTIN-BERGSTROM INT
5/4/16,0,AUSTIN-BERGSTROM INT
5/5/16,0,AUSTIN-BERGSTROM INT
5/6/16,0,AUSTIN-BERGSTROM INT
5/7/16,0,AUSTIN-BERGSTROM INT
5/8/16,0,AUSTIN-BERGSTROM INT
5/9/16,0.11,AUSTIN-BERGSTROM INT
5/10/16,0,AUSTIN-BERGSTROM INT
5/11/16,0.6,AUSTIN-BERGSTROM INT
5/12/16,0.26,AUSTIN-BERGSTROM INT
5/13/16,0.11,AUSTIN-BERGSTROM INT
5/14/16,0,AUSTIN-BERGSTROM INT
5/15/16,0.77,AUSTIN-BERGSTROM INT
5/16/16,0.49,AUSTIN-BERGSTROM INT
5/17/16,0.72,AUSTIN-BERGSTROM INT
5/18/16,0.36,AUSTIN-BERGSTROM INT
5/19/16,0.13,AUSTIN-BERGSTROM INT
5/20/16,2.12,AUSTIN-BERGSTROM INT
5/21/16,0,AUSTIN-BERGSTROM INT
5/22/16,0,AUSTIN-BERGSTROM INT
5/23/16,0,AUSTIN-BERGSTROM INT
5/24/16,0.01,AUSTIN-BERGSTROM INT
5/25/16,0,AUSTIN-BERGSTROM INT
5/26/16,0,AUSTIN-BERGSTROM INT
5/27/16,0.85,AUSTIN-BERGSTROM INT
5/28/16,0.02,AUSTIN-BERGSTROM INT
5/29/16,0.2,AUSTIN-BERGSTROM INT
5/30/16,0.07,AUSTIN-BERGSTROM INT
5/31/16,0.24,AUSTIN-BERGSTROM INT
6/1/16,1.07,AUSTIN-BERGSTROM INT
6/2/16,0.44,AUSTIN-BERGSTROM INT
6/3/16,0.11,AUSTIN-BERGSTROM INT
6/4/16,1.63,AUSTIN-BERGSTROM INT
6/5/16,0.08,AUSTIN-BERGSTROM INT
6/6/16,0,AUSTIN-BERGSTROM INT
6/7/16,0,AUSTIN-BERGSTROM INT
6/8/16,0,AUSTIN-BERGSTROM INT
6/9/16,0,AUSTIN-BERGSTROM INT
6/10/16,0,AUSTIN-BERGSTROM INT
6/11/16,0,AUSTIN-BERGSTROM INT
6/12/16,0,AUSTIN-BERGSTROM INT
6/13/16,0,AUSTIN-BERGSTROM INT
6/14/16,0,AUSTIN-BERGSTROM INT
6/15/16,0,AUSTIN-BERGSTROM INT
6/16/16,0,AUSTIN-BERGSTROM INT
6/17/16,0,AUSTIN-BERGSTROM INT
6/18/16,0,AUSTIN-BERGSTROM INT
6/19/16,0,AUSTIN-BERGSTROM INT
6/20/16,0,AUSTIN-BERGSTROM INT
6/21/16,0,AUSTIN-BERGSTROM INT
6/22/16,0,AUSTIN-BERGSTROM INT
6/23/16,0,AUSTIN-BERGSTROM INT
6/24/16,0,AUSTIN-BERGSTROM INT
6/25/16,0,AUSTIN-BERGSTROM INT
6/26/16,0.02,AUSTIN-BERGSTROM INT
6/27/16,0,AUSTIN-BERGSTROM INT
6/28/16,0,AUSTIN-BERGSTROM INT
6/29/16,0.33,AUSTIN-BERGSTROM INT
6/30/16,0,AUSTIN-BERGSTROM INT
7/1/16,0,AUSTIN-BERGSTROM INT
7/2/16,0,AUSTIN-BERGSTROM INT
7/3/16,0,AUSTIN-BERGSTROM INT
7/4/16,0,AUSTIN-BERGSTROM INT
7/5/16,0,AUSTIN-BERGSTROM INT
7/6/16,0,AUSTIN-BERGSTROM INT
7/7/16,0,AUSTIN-BERGSTROM INT
7/8/16,0,AUSTIN-BERGSTROM INT
7/9/16,0,AUSTIN-BERGSTROM INT
7/10/16,0.03,AUSTIN-BERGSTROM INT
7/11/16,0.01,AUSTIN-BERGSTROM INT
7/12/16,0,AUSTIN-BERGSTROM INT
7/13/16,0,AUSTIN-BERGSTROM INT
7/14/16,0,AUSTIN-BERGSTROM INT
7/15/16,0,AUSTIN-BERGSTROM INT
7/16/16,0,AUSTIN-BERGSTROM INT
7/17/16,0,AUSTIN-BERGSTROM INT
7/18/16,0,AUSTIN-BERGSTROM INT
7/19/16,0,AUSTIN-BERGSTROM INT
7/20/16,0,AUSTIN-BERGSTROM INT
7/21/16,0,AUSTIN-BERGSTROM INT
7/22/16,0,AUSTIN-BERGSTROM INT
7/23/16,0,AUSTIN-BERGSTROM INT
7/24/16,0,AUSTIN-BERGSTROM INT
7/25/16,0,AUSTIN-BERGSTROM INT
7/26/16,0.76,AUSTIN-BERGSTROM INT
7/27/16,0.08,AUSTIN-BERGSTROM INT
7/28/16,1.06,AUSTIN-BERGSTROM INT
7/29/16,0,AUSTIN-BERGSTROM INT
7/30/16,0,AUSTIN-BERGSTROM INT
7/31/16,0,AUSTIN-BERGSTROM INT
8/1/16,0,AUSTIN-BERGSTROM INT
8/2/16,0,AUSTIN-BERGSTROM INT
8/3/16,0,AUSTIN-BERGSTROM INT
8/4/16,0,AUSTIN-BERGSTROM INT
8/5/16,0,AUSTIN-BERGSTROM INT
8/6/16,0,AUSTIN-BERGSTROM INT
8/7/16,0,AUSTIN-BERGSTROM INT
8/8/16,0,AUSTIN-BERGSTROM INT
8/9/16,0,AUSTIN-BERGSTROM INT
8/10/16,0,AUSTIN-BERGSTROM INT
8/11/16,0,AUSTIN-BERGSTROM INT
8/12/16,0,AUSTIN-BERGSTROM INT
8/13/16,0.19,AUSTIN-BERGSTROM INT
8/14/16,0.55,AUSTIN-BERGSTROM INT
8/15/16,1.42,AUSTIN-BERGSTROM INT
8/16/16,1.51,AUSTIN-BERGSTROM INT
8/17/16,1.81,AUSTIN-BERGSTROM INT
8/18/16,0.17,AUSTIN-BERGSTROM INT
8/19/16,0.17,AUSTIN-BERGSTROM INT
8/20/16,0.06,AUSTIN-BERGSTROM INT
8/21/16,0.79,AUSTIN-BERGSTROM INT
8/22/16,0.06,AUSTIN-BERGSTROM INT
8/23/16,0.04,AUSTIN-BERGSTROM INT
8/24/16,0,AUSTIN-BERGSTROM INT
8/25/16,0,AUSTIN-BERGSTROM INT
8/26/16,0.04,AUSTIN-BERGSTROM INT
8/27/16,0,AUSTIN-BERGSTROM INT
8/28/16,0,AUSTIN-BERGSTROM INT
8/29/16,0.2,AUSTIN-BERGSTROM INT
8/30/16,0.02,AUSTIN-BERGSTROM INT
8/31/16,0.09,AUSTIN-BERGSTROM INT
9/1/16,0,AUSTIN-BERGSTROM INT
9/2/16,0,AUSTIN-BERGSTROM INT
9/3/16,0.12,AUSTIN-BERGSTROM INT
9/4/16,0,AUSTIN-BERGSTROM INT
9/5/16,0.01,AUSTIN-BERGSTROM INT
9/6/16,0.03,AUSTIN-BERGSTROM INT
9/7/16,0.01,AUSTIN-BERGSTROM INT
9/8/16,0,AUSTIN-BERGSTROM INT
9/9/16,0,AUSTIN-BERGSTROM INT
9/10/16,0,AUSTIN-BERGSTROM INT
9/11/16,0.05,AUSTIN-BERGSTROM INT
9/12/16,0,AUSTIN-BERGSTROM INT
9/13/16,0,AUSTIN-BERGSTROM INT
9/14/16,0,AUSTIN-BERGSTROM INT
9/15/16,0,AUSTIN-BERGSTROM INT
9/16/16,0,AUSTIN-BERGSTROM INT
9/17/16,0,AUSTIN-BERGSTROM INT
9/18/16,0,AUSTIN-BERGSTROM INT
9/19/16,0,AUSTIN-BERGSTROM INT
9/20/16,0,AUSTIN-BERGSTROM INT
9/21/16,0,AUSTIN-BERGSTROM INT
9/22/16,0,AUSTIN-BERGSTROM INT
9/23/16,0,AUSTIN-BERGSTROM INT
9/24/16,0.03,AUSTIN-BERGSTROM INT
9/25/16,0.01,AUSTIN-BERGSTROM INT
9/26/16,1.8,AUSTIN-BERGSTROM INT
9/27/16,0.18,AUSTIN-BERGSTROM INT
9/28/16,0,AUSTIN-BERGSTROM INT
9/29/16,0,AUSTIN-BERGSTROM INT
9/30/16,0,AUSTIN-BERGSTROM INT
10/1/16,0,AUSTIN-BERGSTROM INT
10/2/16,0,AUSTIN-BERGSTROM INT
10/3/16,0,AUSTIN-BERGSTROM INT
10/4/16,0,AUSTIN-BERGSTROM INT
10/5/16,0,AUSTIN-BERGSTROM INT
10/6/16,0,AUSTIN-BERGSTROM INT
10/7/16,0,AUSTIN-BERGSTROM INT
10/8/16,0,AUSTIN-BERGSTROM INT
10/9/16,0,AUSTIN-BERGSTROM INT
10/10/16,0,AUSTIN-BERGSTROM INT
10/11/16,0,AUSTIN-BERGSTROM INT
10/12/16,0,AUSTIN-BERGSTROM INT
10/13/16,0,AUSTIN-BERGSTROM INT
10/14/16,0.17,AUSTIN-BERGSTROM INT
10/15/16,0,AUSTIN-BERGSTROM INT
10/16/16,0,AUSTIN-BERGSTROM INT
10/17/16,0,AUSTIN-BERGSTROM INT
10/18/16,0,AUSTIN-BERGSTROM INT
10/19/16,0,AUSTIN-BERGSTROM INT
10/20/16,0,AUSTIN-BERGSTROM INT
10/21/16,0,AUSTIN-BERGSTROM INT
10/22/16,0,AUSTIN-BERGSTROM INT
10/23/16,0,AUSTIN-BERGSTROM INT
10/24/16,0.02,AUSTIN-BERGSTROM INT
10/25/16,0.01,AUSTIN-BERGSTROM INT
10/26/16,0,AUSTIN-BERGSTROM INT
10/27/16,0,AUSTIN-BERGSTROM INT
10/28/16,0,AUSTIN-BERGSTROM INT
10/29/16,0,AUSTIN-BERGSTROM INT
10/30/16,0,AUSTIN-BERGSTROM INT
10/31/16,0,AUSTIN-BERGSTROM INT
11/1/16,0,AUSTIN-BERGSTROM INT
11/2/16,0.34,AUSTIN-BERGSTROM INT
11/3/16,0,AUSTIN-BERGSTROM INT
11/4/16,1.07,AUSTIN-BERGSTROM INT
11/5/16,0,AUSTIN-BERGSTROM INT
11/6/16,0.24,AUSTIN-BERGSTROM INT
11/7/16,0.07,AUSTIN-BERGSTROM INT
11/8/16,0.22,AUSTIN-BERGSTROM INT
11/9/16,0.47,AUSTIN-BERGSTROM INT
11/10/16,0.05,AUSTIN-BERGSTROM INT
11/11/16,0,AUSTIN-BERGSTROM INT
11/12/16,0,AUSTIN-BERGSTROM INT
11/13/16,0,AUSTIN-BERGSTROM INT
11/14/16,0,AUSTIN-BERGSTROM INT
11/15/16,0,AUSTIN-BERGSTROM INT
11/16/16,0,AUSTIN-BERGSTROM INT
11/17/16,0,AUSTIN-BERGSTROM INT
11/18/16,0,AUSTIN-BERGSTROM INT
11/19/16,0,AUSTIN-BERGSTROM INT
11/20/16,0,AUSTIN-BERGSTROM INT
11/21/16,0,AUSTIN-BERGSTROM INT
11/22/16,0,AUSTIN-BERGSTROM INT
11/23/16,0.62,AUSTIN-BERGSTROM INT
11/24/16,0.1,AUSTIN-BERGSTROM INT
11/25/16,0.02,AUSTIN-BERGSTROM INT
11/26/16,0.03,AUSTIN-BERGSTROM INT
11/27/16,0,AUSTIN-BERGSTROM INT
11/28/16,0,AUSTIN-BERGSTROM INT
11/29/16,0,AUSTIN-BERGSTROM INT
11/30/16,0,AUSTIN-BERGSTROM INT
12/1/16,0,AUSTIN-BERGSTROM INT
12/2/16,0,AUSTIN-BERGSTROM INT
12/3/16,0.57,AUSTIN-BERGSTROM INT
12/4/16,0.94,AUSTIN-BERGSTROM INT
12/5/16,0.45,AUSTIN-BERGSTROM INT
12/6/16,0.55,AUSTIN-BERGSTROM INT
12/7/16,0,AUSTIN-BERGSTROM INT
12/8/16,0,AUSTIN-BERGSTROM INT
12/9/16,0,AUSTIN-BERGSTROM INT
12/10/16,0,AUSTIN-BERGSTROM INT
12/11/16,0.02,AUSTIN-BERGSTROM INT
12/12/16,0.01,AUSTIN-BERGSTROM INT
12/13/16,0,AUSTIN-BERGSTROM INT
12/14/16,0,AUSTIN-BERGSTROM INT
12/15/16,0,AUSTIN-BERGSTROM INT
12/16/16,0,AUSTIN-BERGSTROM INT
12/17/16,0.01,AUSTIN-BERGSTROM INT
12/18/16,0.02,AUSTIN-BERGSTROM INT
12/19/16,0,AUSTIN-BERGSTROM INT
12/20/16,0,AUSTIN-BERGSTROM INT
12/21/16,0,AUSTIN-BERGSTROM INT
12/22/16,0,AUSTIN-BERGSTROM INT
12/23/16,0,AUSTIN-BERGSTROM INT
12/24/16,0.01,AUSTIN-BERGSTROM INT
12/25/16,0,AUSTIN-BERGSTROM INT
12/26/16,0,AUSTIN-BERGSTROM INT
12/27/16,0,AUSTIN-BERGSTROM INT
12/28/16,0,AUSTIN-BERGSTROM INT
12/29/16,0,AUSTIN-BERGSTROM INT
12/30/16,0,AUSTIN-BERGSTROM INT
12/31/16,0,AUSTIN-BERGSTROM INT
1/1/17,0,AUSTIN-BERGSTROM INT
1/2/17,0.31,AUSTIN-BERGSTROM INT
1/3/17,0.09,AUSTIN-BERGSTROM INT
1/4/17,0,AUSTIN-BERGSTROM INT
1/5/17,0,AUSTIN-BERGSTROM INT
1/6/17,0,AUSTIN-BERGSTROM INT
1/7/17,0,AUSTIN-BERGSTROM INT
1/8/17,0,AUSTIN-BERGSTROM INT
1/9/17,0,AUSTIN-BERGSTROM INT
1/10/17,0,AUSTIN-BERGSTROM INT
1/11/17,0,AUSTIN-BERGSTROM INT
1/12/17,0,AUSTIN-BERGSTROM INT
1/13/17,0,AUSTIN-BERGSTROM INT
1/14/17,0.67,AUSTIN-BERGSTROM INT
1/15/17,0.05,AUSTIN-BERGSTROM INT
1/16/17,0.9,AUSTIN-BERGSTROM INT
1/17/17,0.03,AUSTIN-BERGSTROM INT
1/18/17,1.76,AUSTIN-BERGSTROM INT
1/19/17,0.3,AUSTIN-BERGSTROM INT
1/20/17,0,AUSTIN-BERGSTROM INT
1/21/17,0,AUSTIN-BERGSTROM INT
1/22/17,0.02,AUSTIN-BERGSTROM INT
1/23/17,0,AUSTIN-BERGSTROM INT
1/24/17,0,AUSTIN-BERGSTROM INT
1/25/17,0,AUSTIN-BERGSTROM INT
1/26/17,0,AUSTIN-BERGSTROM INT
1/27/17,0,AUSTIN-BERGSTROM INT
1/28/17,0,AUSTIN-BERGSTROM INT
1/29/17,0,AUSTIN-BERGSTROM INT
1/30/17,0,AUSTIN-BERGSTROM INT
1/31/17,0,AUSTIN-BERGSTROM INT
2/1/17,0,AUSTIN-BERGSTROM INT
2/2/17,0,AUSTIN-BERGSTROM INT
2/3/17,0,AUSTIN-BERGSTROM INT
2/4/17,0,AUSTIN-BERGSTROM INT
2/5/17,0.02,AUSTIN-BERGSTROM INT
2/6/17,0.02,AUSTIN-BERGSTROM INT
2/7/17,0,AUSTIN-BERGSTROM INT
2/8/17,0,AUSTIN-BERGSTROM INT
2/9/17,0,AUSTIN-BERGSTROM INT
2/10/17,0,AUSTIN-BERGSTROM INT
2/11/17,0,AUSTIN-BERGSTROM INT
2/12/17,0,AUSTIN-BERGSTROM INT
2/13/17,0,AUSTIN-BERGSTROM INT
2/14/17,0.69,AUSTIN-BERGSTROM INT
2/15/17,0.17,AUSTIN-BERGSTROM INT
2/16/17,0,AUSTIN-BERGSTROM INT
2/17/17,0,AUSTIN-BERGSTROM INT
2/18/17,0,AUSTIN-BERGSTROM INT
2/19/17,0,AUSTIN-BERGSTROM INT
2/20/17,1.19,AUSTIN-BERGSTROM INT
2/21/17,0.02,AUSTIN-BERGSTROM INT
2/22/17,0,AUSTIN-BERGSTROM INT
2/23/17,0,AUSTIN-BERGSTROM INT
2/24/17,0,AUSTIN-BERGSTROM INT
2/25/17,0,AUSTIN-BERGSTROM INT
2/26/17,0,AUSTIN-BERGSTROM INT
2/27/17,0.01,AUSTIN-BERGSTROM INT
2/28/17,0,AUSTIN-BERGSTROM INT
3/1/17,0,AUSTIN-BERGSTROM INT
3/2/17,0,AUSTIN-BERGSTROM INT
3/3/17,0,AUSTIN-BERGSTROM INT
3/4/17,0,AUSTIN-BERGSTROM INT
3/5/17,0.79,AUSTIN-BERGSTROM INT
3/6/17,0.14,AUSTIN-BERGSTROM INT
3/7/17,0,AUSTIN-BERGSTROM INT
3/8/17,0,AUSTIN-BERGSTROM INT
3/9/17,0,AUSTIN-BERGSTROM INT
3/10/17,0,AUSTIN-BERGSTROM INT
3/11/17,0.01,AUSTIN-BERGSTROM INT
3/12/17,0.73,AUSTIN-BERGSTROM INT
3/13/17,0,AUSTIN-BERGSTROM INT
3/14/17,0.01,AUSTIN-BERGSTROM INT
3/15/17,0,AUSTIN-BERGSTROM INT
3/16/17,0.01,AUSTIN-BERGSTROM INT
3/17/17,0.01,AUSTIN-BERGSTROM INT
3/18/17,0,AUSTIN-BERGSTROM INT
3/19/17,0,AUSTIN-BERGSTROM INT
3/20/17,0,AUSTIN-BERGSTROM INT
3/21/17,0,AUSTIN-BERGSTROM INT
3/22/17,0,AUSTIN-BERGSTROM INT
3/23/17,0,AUSTIN-BERGSTROM INT
3/24/17,0,AUSTIN-BERGSTROM INT
3/25/17,0.05,AUSTIN-BERGSTROM INT
3/26/17,0,AUSTIN-BERGSTROM INT
3/27/17,0,AUSTIN-BERGSTROM INT
3/28/17,0,AUSTIN-BERGSTROM INT
3/29/17,0.73,AUSTIN-BERGSTROM INT
3/30/17,1.31,AUSTIN-BERGSTROM INT
3/31/17,0,AUSTIN-BERGSTROM INT
4/1/17,0,AUSTIN-BERGSTROM INT
4/2/17,0.01,AUSTIN-BERGSTROM INT
4/3/17,0.7,AUSTIN-BERGSTROM INT
4/4/17,0,AUSTIN-BERGSTROM INT
4/5/17,0,AUSTIN-BERGSTROM INT
4/6/17,0,AUSTIN-BERGSTROM INT
4/7/17,0,AUSTIN-BERGSTROM INT
4/8/17,0,AUSTIN-BERGSTROM INT
4/9/17,0,AUSTIN-BERGSTROM INT
4/10/17,0,AUSTIN-BERGSTROM INT
4/11/17,0.12,AUSTIN-BERGSTROM INT
4/12/17,0.32,AUSTIN-BERGSTROM INT
4/13/17,0,AUSTIN-BERGSTROM INT
4/14/17,0,AUSTIN-BERGSTROM INT
4/15/17,0,AUSTIN-BERGSTROM INT
4/16/17,0,AUSTIN-BERGSTROM INT
4/17/17,0,AUSTIN-BERGSTROM INT
4/18/17,0.05,AUSTIN-BERGSTROM INT
4/19/17,0,AUSTIN-BERGSTROM INT
4/20/17,0,AUSTIN-BERGSTROM INT
4/21/17,0,AUSTIN-BERGSTROM INT
4/22/17,0.01,AUSTIN-BERGSTROM INT
4/23/17,0,AUSTIN-BERGSTROM INT
4/24/17,0,AUSTIN-BERGSTROM INT
4/25/17,0,AUSTIN-BERGSTROM INT
4/26/17,0,AUSTIN-BERGSTROM INT
4/27/17,0,AUSTIN-BERGSTROM INT
4/28/17,0,AUSTIN-BERGSTROM INT
4/29/17,0,AUSTIN-BERGSTROM INT
4/30/17,0.06,AUSTIN-BERGSTROM INT
5/1/17,0.09,AUSTIN-BERGSTROM INT
5/2/17,0,AUSTIN-BERGSTROM INT
5/3/17,0,AUSTIN-BERGSTROM INT
5/4/17,0,AUSTIN-BERGSTROM INT
5/5/17,0,AUSTIN-BERGSTROM INT
5/6/17,0,AUSTIN-BERGSTROM INT
5/7/17,0,AUSTIN-BERGSTROM INT
5/8/17,0,AUSTIN-BERGSTROM INT
5/9/17,0,AUSTIN-BERGSTROM INT
5/10/17,0.04,AUSTIN-BERGSTROM INT
5/11/17,0,AUSTIN-BERGSTROM INT
5/12/17,0.22,AUSTIN-BERGSTROM INT
5/13/17,0,AUSTIN-BERGSTROM INT
5/14/17,0,AUSTIN-BERGSTROM INT
5/15/17,0,AUSTIN-BERGSTROM INT
5/16/17,0,AUSTIN-BERGSTROM INT
5/17/17,0.07,AUSTIN-BERGSTROM INT
5/18/17,0.05,AUSTIN-BERGSTROM INT
5/19/17,0,AUSTIN-BERGSTROM INT
5/20/17,0.66,AUSTIN-BERGSTROM INT
5/21/17,0.56,AUSTIN-BERGSTROM INT
5/22/17,0.68,AUSTIN-BERGSTROM INT
8/3/17,0.05,AUSTIN-BERGSTROM INT
9/19/17,0,AUSTIN-BERGSTROM INT
9/21/17,0,AUSTIN-BERGSTROM INT
9/22/17,0.02,AUSTIN-BERGSTROM INT
10/5/17,0,AUSTIN-BERGSTROM INT
10/6/17,0,AUSTIN-BERGSTROM INT
10/7/17,0,AUSTIN-BERGSTROM INT
10/8/17,0,AUSTIN-BERGSTROM INT
10/9/17,0,AUSTIN-BERGSTROM INT
10/10/17,0.01,AUSTIN-BERGSTROM INT
10/11/17,0,AUSTIN-BERGSTROM INT
10/22/17,0,AUSTIN-BERGSTROM INT
10/24/17,0,AUSTIN-BERGSTROM INT
10/31/17,0,AUSTIN-BERGSTROM INT
11/2/17,0.12,AUSTIN-BERGSTROM INT
11/11/17,0,AUSTIN-BERGSTROM INT
11/21/17,0,AUSTIN-BERGSTROM INT
11/22/17,0,AUSTIN-BERGSTROM INT
11/23/17,0,AUSTIN-BERGSTROM INT
11/24/17,0,AUSTIN-BERGSTROM INT
11/25/17,0,AUSTIN-BERGSTROM INT
11/26/17,0,AUSTIN-BERGSTROM INT
8/29/17,0.01,AUSTIN-BERGSTROM INT
8/30/17,0,AUSTIN-BERGSTROM INT
9/5/17,0,AUSTIN-BERGSTROM INT
9/6/17,0,AUSTIN-BERGSTROM INT
9/7/17,0,AUSTIN-BERGSTROM INT
9/8/17,0,AUSTIN-BERGSTROM INT
9/9/17,0,AUSTIN-BERGSTROM INT
9/10/17,0,AUSTIN-BERGSTROM INT
9/11/17,0,AUSTIN-BERGSTROM INT
9/12/17,0,AUSTIN-BERGSTROM INT
9/13/17,0,AUSTIN-BERGSTROM INT
9/14/17,0,AUSTIN-BERGSTROM INT
9/15/17,0,AUSTIN-BERGSTROM INT
9/16/17,0,AUSTIN-BERGSTROM INT
9/17/17,0,AUSTIN-BERGSTROM INT
9/18/17,0,AUSTIN-BERGSTROM INT
9/20/17,0,AUSTIN-BERGSTROM INT
9/23/17,0,AUSTIN-BERGSTROM INT
9/24/17,0,AUSTIN-BERGSTROM INT
9/25/17,0,AUSTIN-BERGSTROM INT
9/26/17,0.02,AUSTIN-BERGSTROM INT
9/27/17,1.64,AUSTIN-BERGSTROM INT
9/28/17,0.07,AUSTIN-BERGSTROM INT
9/29/17,0.23,AUSTIN-BERGSTROM INT
9/30/17,0.07,AUSTIN-BERGSTROM INT
10/1/17,0,AUSTIN-BERGSTROM INT
10/2/17,0,AUSTIN-BERGSTROM INT
10/3/17,0,AUSTIN-BERGSTROM INT
10/4/17,0.64,AUSTIN-BERGSTROM INT
10/12/17,0,AUSTIN-BERGSTROM INT
10/13/17,0,AUSTIN-BERGSTROM INT
10/14/17,0,AUSTIN-BERGSTROM INT
10/15/17,0,AUSTIN-BERGSTROM INT
10/16/17,0,AUSTIN-BERGSTROM INT
10/17/17,0,AUSTIN-BERGSTROM INT
10/18/17,0,AUSTIN-BERGSTROM INT
10/19/17,0,AUSTIN-BERGSTROM INT
10/20/17,0,AUSTIN-BERGSTROM INT
10/21/17,0.04,AUSTIN-BERGSTROM INT
10/23/17,0.69,AUSTIN-BERGSTROM INT
10/25/17,0,AUSTIN-BERGSTROM INT
10/26/17,0,AUSTIN-BERGSTROM INT
10/27/17,0,AUSTIN-BERGSTROM INT
10/28/17,0,AUSTIN-BERGSTROM INT
10/29/17,0,AUSTIN-BERGSTROM INT
10/30/17,0,AUSTIN-BERGSTROM INT
11/1/17,0.38,AUSTIN-BERGSTROM INT
11/3/17,0,AUSTIN-BERGSTROM INT
11/4/17,0,AUSTIN-BERGSTROM INT
11/5/17,0.01,AUSTIN-BERGSTROM INT
11/6/17,0,AUSTIN-BERGSTROM INT
11/7/17,0,AUSTIN-BERGSTROM INT
11/8/17,0,AUSTIN-BERGSTROM INT
11/9/17,0.08,AUSTIN-BERGSTROM INT
11/10/17,0,AUSTIN-BERGSTROM INT
11/12/17,0,AUSTIN-BERGSTROM INT
11/13/17,0.04,AUSTIN-BERGSTROM INT
11/14/17,0,AUSTIN-BERGSTROM INT
11/15/17,0,AUSTIN-BERGSTROM INT
11/16/17,0.07,AUSTIN-BERGSTROM INT
11/17/17,0.01,AUSTIN-BERGSTROM INT
11/18/17,0,AUSTIN-BERGSTROM INT
11/19/17,0,AUSTIN-BERGSTROM INT
11/20/17,0,AUSTIN-BERGSTROM INT
11/27/17,0,AUSTIN-BERGSTROM INT
11/28/17,0,AUSTIN-BERGSTROM INT
11/29/17,0,AUSTIN-BERGSTROM INT
11/30/17,0,AUSTIN-BERGSTROM INT
12/1/17,0,AUSTIN-BERGSTROM INT
12/2/17,0,AUSTIN-BERGSTROM INT
12/3/17,0,AUSTIN-BERGSTROM INT
12/4/17,0.01,AUSTIN-BERGSTROM INT
12/5/17,0.02,AUSTIN-BERGSTROM INT
12/6/17,0.43,AUSTIN-BERGSTROM INT
12/7/17,0.64,AUSTIN-BERGSTROM INT
12/8/17,0.08,AUSTIN-BERGSTROM INT
12/9/17,0,AUSTIN-BERGSTROM INT
12/10/17,0,AUSTIN-BERGSTROM INT
12/11/17,0,AUSTIN-BERGSTROM INT
12/12/17,0,AUSTIN-BERGSTROM INT
12/13/17,0,AUSTIN-BERGSTROM INT
12/14/17,0,AUSTIN-BERGSTROM INT
12/15/17,0,AUSTIN-BERGSTROM INT
12/16/17,0,AUSTIN-BERGSTROM INT
12/17/17,1.32,AUSTIN-BERGSTROM INT
12/18/17,0,AUSTIN-BERGSTROM INT
12/19/17,1.39,AUSTIN-BERGSTROM INT
12/20/17,0.25,AUSTIN-BERGSTROM INT
12/21/17,0,AUSTIN-BERGSTROM INT
12/22/17,0,AUSTIN-BERGSTROM INT
12/23/17,0.17,AUSTIN-BERGSTROM INT
12/24/17,0,AUSTIN-BERGSTROM INT
12/25/17,0,AUSTIN-BERGSTROM INT
12/26/17,0.01,AUSTIN-BERGSTROM INT
12/27/17,0.02,AUSTIN-BERGSTROM INT
12/28/17,0.01,AUSTIN-BERGSTROM INT
12/29/17,0,AUSTIN-BERGSTROM INT
12/30/17,0,AUSTIN-BERGSTROM INT
5/27/17,0.01,AUSTIN-BERGSTROM INT
5/28/17,0,AUSTIN-BERGSTROM INT
5/29/17,0.47,AUSTIN-BERGSTROM INT
5/30/17,0,AUSTIN-BERGSTROM INT
6/1/17,0.02,AUSTIN-BERGSTROM INT
6/2/17,0.03,AUSTIN-BERGSTROM INT
6/3/17,0,AUSTIN-BERGSTROM INT
6/4/17,0.24,AUSTIN-BERGSTROM INT
6/5/17,0.17,AUSTIN-BERGSTROM INT
6/6/17,1.39,AUSTIN-BERGSTROM INT
6/7/17,0,AUSTIN-BERGSTROM INT
6/8/17,0,AUSTIN-BERGSTROM INT
6/9/17,0,AUSTIN-BERGSTROM INT
6/10/17,0,AUSTIN-BERGSTROM INT
6/11/17,0,AUSTIN-BERGSTROM INT
6/12/17,0,AUSTIN-BERGSTROM INT
6/13/17,0,AUSTIN-BERGSTROM INT
6/14/17,0.02,AUSTIN-BERGSTROM INT
6/15/17,0,AUSTIN-BERGSTROM INT
6/16/17,0,AUSTIN-BERGSTROM INT
6/17/17,0,AUSTIN-BERGSTROM INT
6/21/17,0,AUSTIN-BERGSTROM INT
6/22/17,0,AUSTIN-BERGSTROM INT
6/23/17,0,AUSTIN-BERGSTROM INT
6/24/17,0,AUSTIN-BERGSTROM INT
6/25/17,0.14,AUSTIN-BERGSTROM INT
6/26/17,0.16,AUSTIN-BERGSTROM INT
6/27/17,0.94,AUSTIN-BERGSTROM INT
6/28/17,0.01,AUSTIN-BERGSTROM INT
6/29/17,0,AUSTIN-BERGSTROM INT
6/30/17,0,AUSTIN-BERGSTROM INT
7/1/17,0,AUSTIN-BERGSTROM INT
7/2/17,0,AUSTIN-BERGSTROM INT
7/3/17,0,AUSTIN-BERGSTROM INT
7/4/17,0,AUSTIN-BERGSTROM INT
7/5/17,0,AUSTIN-BERGSTROM INT
7/6/17,0,AUSTIN-BERGSTROM INT
7/7/17,0.32,AUSTIN-BERGSTROM INT
7/8/17,0.02,AUSTIN-BERGSTROM INT
7/9/17,0,AUSTIN-BERGSTROM INT
7/10/17,0,AUSTIN-BERGSTROM INT
7/11/17,0,AUSTIN-BERGSTROM INT
7/12/17,0,AUSTIN-BERGSTROM INT
7/13/17,0,AUSTIN-BERGSTROM INT
7/14/17,0,AUSTIN-BERGSTROM INT
7/15/17,0,AUSTIN-BERGSTROM INT
7/16/17,0.16,AUSTIN-BERGSTROM INT
7/17/17,0,AUSTIN-BERGSTROM INT
7/18/17,0,AUSTIN-BERGSTROM INT
7/19/17,0,AUSTIN-BERGSTROM INT
7/20/17,0,AUSTIN-BERGSTROM INT
7/21/17,0,AUSTIN-BERGSTROM INT
7/22/17,0,AUSTIN-BERGSTROM INT
7/23/17,0,AUSTIN-BERGSTROM INT
7/24/17,0.04,AUSTIN-BERGSTROM INT
7/25/17,0.01,AUSTIN-BERGSTROM INT
7/26/17,0,AUSTIN-BERGSTROM INT
7/27/17,0,AUSTIN-BERGSTROM INT
7/28/17,0,AUSTIN-BERGSTROM INT
7/29/17,0,AUSTIN-BERGSTROM INT
7/30/17,0,AUSTIN-BERGSTROM INT
7/31/17,0,AUSTIN-BERGSTROM INT
8/1/17,0,AUSTIN-BERGSTROM INT
8/2/17,0,AUSTIN-BERGSTROM INT
8/4/17,0.03,AUSTIN-BERGSTROM INT
8/5/17,0,AUSTIN-BERGSTROM INT
8/6/17,0,AUSTIN-BERGSTROM INT
8/7/17,1.7,AUSTIN-BERGSTROM INT
8/8/17,0.71,AUSTIN-BERGSTROM INT
8/9/17,0,AUSTIN-BERGSTROM INT
8/10/17,0,AUSTIN-BERGSTROM INT
8/11/17,0,AUSTIN-BERGSTROM INT
8/12/17,0,AUSTIN-BERGSTROM INT
8/13/17,0,AUSTIN-BERGSTROM INT
8/14/17,0,AUSTIN-BERGSTROM INT
8/15/17,0,AUSTIN-BERGSTROM INT
8/16/17,0,AUSTIN-BERGSTROM INT
8/17/17,0,AUSTIN-BERGSTROM INT
8/18/17,0,AUSTIN-BERGSTROM INT
8/19/17,0,AUSTIN-BERGSTROM INT
8/20/17,0,AUSTIN-BERGSTROM INT
8/21/17,0,AUSTIN-BERGSTROM INT
8/22/17,0,AUSTIN-BERGSTROM INT
8/23/17,0,AUSTIN-BERGSTROM INT
8/24/17,0.04,AUSTIN-BERGSTROM INT
8/25/17,0.02,AUSTIN-BERGSTROM INT
8/26/17,0.94,AUSTIN-BERGSTROM INT
8/27/17,7,AUSTIN-BERGSTROM INT
8/28/17,1.6,AUSTIN-BERGSTROM INT
8/31/17,0,AUSTIN-BERGSTROM INT
9/1/17,0,AUSTIN-BERGSTROM INT
9/2/17,0,AUSTIN-BERGSTROM INT
9/3/17,0,AUSTIN-BERGSTROM INT
9/4/17,0,AUSTIN-BERGSTROM INT
5/23/17,0.02,AUSTIN-BERGSTROM INT
5/24/17,0.06,AUSTIN-BERGSTROM INT
5/25/17,0,AUSTIN-BERGSTROM INT
5/26/17,0,AUSTIN-BERGSTROM INT
5/31/17,0,AUSTIN-BERGSTROM INT
6/18/17,0,AUSTIN-BERGSTROM INT
6/19/17,0,AUSTIN-BERGSTROM INT
6/20/17,0.01,AUSTIN-BERGSTROM INT
12/31/17,0,AUSTIN-BERGSTROM INT
1/7/18,0,AUSTIN-BERGSTROM INT
1/8/18,0,AUSTIN-BERGSTROM INT
1/28/18,0.02,AUSTIN-BERGSTROM INT
1/30/18,0,AUSTIN-BERGSTROM INT
1/31/18,0,AUSTIN-BERGSTROM INT
2/1/18,0,AUSTIN-BERGSTROM INT
2/2/18,0,AUSTIN-BERGSTROM INT
2/3/18,0.01,AUSTIN-BERGSTROM INT
2/4/18,0.06,AUSTIN-BERGSTROM INT
2/5/18,0,AUSTIN-BERGSTROM INT
2/6/18,0,AUSTIN-BERGSTROM INT
2/7/18,0.07,AUSTIN-BERGSTROM INT
2/8/18,0.01,AUSTIN-BERGSTROM INT
2/9/18,0,AUSTIN-BERGSTROM INT
2/10/18,0.07,AUSTIN-BERGSTROM INT
2/11/18,0.05,AUSTIN-BERGSTROM INT
2/12/18,0.1,AUSTIN-BERGSTROM INT
2/13/18,0.04,AUSTIN-BERGSTROM INT
2/14/18,0.03,AUSTIN-BERGSTROM INT
2/15/18,0.01,AUSTIN-BERGSTROM INT
2/16/18,0,AUSTIN-BERGSTROM INT
2/17/18,0,AUSTIN-BERGSTROM INT
2/18/18,0.02,AUSTIN-BERGSTROM INT
2/19/18,0.01,AUSTIN-BERGSTROM INT
2/20/18,0,AUSTIN-BERGSTROM INT
2/25/18,0.03,AUSTIN-BERGSTROM INT
2/26/18,0.01,AUSTIN-BERGSTROM INT
2/27/18,0.01,AUSTIN-BERGSTROM INT
2/28/18,0.07,AUSTIN-BERGSTROM INT
3/1/18,0,AUSTIN-BERGSTROM INT
3/2/18,0,AUSTIN-BERGSTROM INT
3/3/18,0,AUSTIN-BERGSTROM INT
3/4/18,0.15,AUSTIN-BERGSTROM INT
3/5/18,0.04,AUSTIN-BERGSTROM INT
3/22/18,0,AUSTIN-BERGSTROM INT
1/1/18,0,AUSTIN-BERGSTROM INT
1/2/18,0,AUSTIN-BERGSTROM INT
1/3/18,0,AUSTIN-BERGSTROM INT
1/4/18,0,AUSTIN-BERGSTROM INT
1/5/18,0,AUSTIN-BERGSTROM INT
1/6/18,0,AUSTIN-BERGSTROM INT
1/9/18,0,AUSTIN-BERGSTROM INT
1/10/18,0,AUSTIN-BERGSTROM INT
1/11/18,0,AUSTIN-BERGSTROM INT
1/12/18,0,AUSTIN-BERGSTROM INT
1/13/18,0,AUSTIN-BERGSTROM INT
1/14/18,0,AUSTIN-BERGSTROM INT
1/15/18,0,AUSTIN-BERGSTROM INT
1/16/18,0.21,AUSTIN-BERGSTROM INT
1/17/18,0.03,AUSTIN-BERGSTROM INT
1/18/18,0,AUSTIN-BERGSTROM INT
1/19/18,0,AUSTIN-BERGSTROM INT
1/20/18,0.01,AUSTIN-BERGSTROM INT
1/21/18,0,AUSTIN-BERGSTROM INT
1/22/18,0.01,AUSTIN-BERGSTROM INT
1/23/18,0,AUSTIN-BERGSTROM INT
1/24/18,0,AUSTIN-BERGSTROM INT
1/25/18,0,AUSTIN-BERGSTROM INT
1/26/18,0,AUSTIN-BERGSTROM INT
1/27/18,0.01,AUSTIN-BERGSTROM INT
1/29/18,0,AUSTIN-BERGSTROM INT
2/21/18,0.21,AUSTIN-BERGSTROM INT
2/22/18,0.12,AUSTIN-BERGSTROM INT
2/23/18,0.66,AUSTIN-BERGSTROM INT
2/24/18,0.25,AUSTIN-BERGSTROM INT
3/6/18,0,AUSTIN-BERGSTROM INT
3/7/18,0,AUSTIN-BERGSTROM INT
3/8/18,0,AUSTIN-BERGSTROM INT
3/9/18,0,AUSTIN-BERGSTROM INT
3/10/18,0,AUSTIN-BERGSTROM INT
3/11/18,0,AUSTIN-BERGSTROM INT
3/12/18,0,AUSTIN-BERGSTROM INT
3/13/18,0,AUSTIN-BERGSTROM INT
3/14/18,0,AUSTIN-BERGSTROM INT
3/15/18,0,AUSTIN-BERGSTROM INT
3/16/18,0,AUSTIN-BERGSTROM INT
3/17/18,0,AUSTIN-BERGSTROM INT
3/18/18,0.03,AUSTIN-BERGSTROM INT
3/19/18,0.02,AUSTIN-BERGSTROM INT
3/20/18,0,AUSTIN-BERGSTROM INT
3/21/18,0,AUSTIN-BERGSTROM INT
3/23/18,0,AUSTIN-BERGSTROM INT
3/24/18,0,AUSTIN-BERGSTROM INT
3/25/18,0,AUSTIN-BERGSTROM INT
3/26/18,0.01,AUSTIN-BERGSTROM INT
3/27/18,0,AUSTIN-BERGSTROM INT
3/28/18,2.72,AUSTIN-BERGSTROM INT
3/29/18,0.8,AUSTIN-BERGSTROM INT
3/30/18,0,AUSTIN-BERGSTROM INT
3/31/18,0,AUSTIN-BERGSTROM INT
4/1/18,0,AUSTIN-BERGSTROM INT
4/2/18,0,AUSTIN-BERGSTROM INT
4/3/18,0,AUSTIN-BERGSTROM INT
4/4/18,0,AUSTIN-BERGSTROM INT
4/5/18,0,AUSTIN-BERGSTROM INT
4/6/18,0,AUSTIN-BERGSTROM INT
4/7/18,0.08,AUSTIN-BERGSTROM INT
4/8/18,0.01,AUSTIN-BERGSTROM INT
4/9/18,0,AUSTIN-BERGSTROM INT
4/10/18,0,AUSTIN-BERGSTROM INT
4/11/18,0,AUSTIN-BERGSTROM INT
4/12/18,0,AUSTIN-BERGSTROM INT
4/13/18,0,AUSTIN-BERGSTROM INT
4/14/18,0.07,AUSTIN-BERGSTROM INT
4/15/18,0,AUSTIN-BERGSTROM INT
4/16/18,0,AUSTIN-BERGSTROM INT
4/17/18,0,AUSTIN-BERGSTROM INT
4/18/18,0,AUSTIN-BERGSTROM INT
4/19/18,0,AUSTIN-BERGSTROM INT
4/20/18,0,AUSTIN-BERGSTROM INT
4/21/18,0.02,AUSTIN-BERGSTROM INT
4/22/18,0.01,AUSTIN-BERGSTROM INT
4/23/18,0,AUSTIN-BERGSTROM INT
4/24/18,0,AUSTIN-BERGSTROM INT
4/25/18,0,AUSTIN-BERGSTROM INT
4/26/18,0.28,AUSTIN-BERGSTROM INT
4/27/18,0,AUSTIN-BERGSTROM INT
4/28/18,0,AUSTIN-BERGSTROM INT
4/29/18,0,AUSTIN-BERGSTROM INT
4/30/18,0,AUSTIN-BERGSTROM INT
5/1/18,0.01,AUSTIN-BERGSTROM INT
5/2/18,0,AUSTIN-BERGSTROM INT
5/3/18,0,AUSTIN-BERGSTROM INT
5/4/18,0.03,AUSTIN-BERGSTROM INT
5/5/18,3.68,AUSTIN-BERGSTROM INT
5/6/18,0.09,AUSTIN-BERGSTROM INT
5/7/18,0,AUSTIN-BERGSTROM INT
5/8/18,0,AUSTIN-BERGSTROM INT
5/9/18,0,AUSTIN-BERGSTROM INT
5/10/18,0,AUSTIN-BERGSTROM INT
5/11/18,0,AUSTIN-BERGSTROM INT
5/12/18,0,AUSTIN-BERGSTROM INT
5/13/18,0,AUSTIN-BERGSTROM INT
5/14/18,0,AUSTIN-BERGSTROM INT
5/15/18,0,AUSTIN-BERGSTROM INT
5/16/18,0.02,AUSTIN-BERGSTROM INT
5/17/18,0,AUSTIN-BERGSTROM INT
5/18/18,0,AUSTIN-BERGSTROM INT
5/19/18,0,AUSTIN-BERGSTROM INT
5/20/18,0,AUSTIN-BERGSTROM INT
5/21/18,0.87,AUSTIN-BERGSTROM INT
5/22/18,0,AUSTIN-BERGSTROM INT
5/23/18,0,AUSTIN-BERGSTROM INT
5/24/18,0.15,AUSTIN-BERGSTROM INT
5/25/18,0,AUSTIN-BERGSTROM INT
5/26/18,0,AUSTIN-BERGSTROM INT
5/27/18,0,AUSTIN-BERGSTROM INT
5/28/18,0,AUSTIN-BERGSTROM INT
5/29/18,0,AUSTIN-BERGSTROM INT
5/30/18,0,AUSTIN-BERGSTROM INT
5/31/18,0,AUSTIN-BERGSTROM INT
6/1/18,0,AUSTIN-BERGSTROM INT
6/2/18,0,AUSTIN-BERGSTROM INT
6/3/18,0,AUSTIN-BERGSTROM INT
6/4/18,1.3,AUSTIN-BERGSTROM INT
6/5/18,0.11,AUSTIN-BERGSTROM INT
6/6/18,0,AUSTIN-BERGSTROM INT
6/7/18,0,AUSTIN-BERGSTROM INT
6/8/18,0,AUSTIN-BERGSTROM INT
6/9/18,0,AUSTIN-BERGSTROM INT
6/10/18,0.02,AUSTIN-BERGSTROM INT
6/11/18,0,AUSTIN-BERGSTROM INT
6/12/18,0,AUSTIN-BERGSTROM INT
6/13/18,0,AUSTIN-BERGSTROM INT
6/14/18,0,AUSTIN-BERGSTROM INT
6/15/18,0,AUSTIN-BERGSTROM INT
6/16/18,0.09,AUSTIN-BERGSTROM INT
6/17/18,0.15,AUSTIN-BERGSTROM INT
6/18/18,0.09,AUSTIN-BERGSTROM INT
6/19/18,0.04,AUSTIN-BERGSTROM INT
6/20/18,0.39,AUSTIN-BERGSTROM INT
6/21/18,0.02,AUSTIN-BERGSTROM INT
6/22/18,0,AUSTIN-BERGSTROM INT
6/23/18,0,AUSTIN-BERGSTROM INT
6/24/18,0,AUSTIN-BERGSTROM INT
6/25/18,0,AUSTIN-BERGSTROM INT
6/26/18,0.03,AUSTIN-BERGSTROM INT
6/27/18,0,AUSTIN-BERGSTROM INT
6/28/18,0,AUSTIN-BERGSTROM INT
6/29/18,0,AUSTIN-BERGSTROM INT
6/30/18,0,AUSTIN-BERGSTROM INT
7/1/18,0,AUSTIN-BERGSTROM INT
7/2/18,0,AUSTIN-BERGSTROM INT
7/3/18,0,AUSTIN-BERGSTROM INT
7/4/18,0,AUSTIN-BERGSTROM INT
7/5/18,1.7,AUSTIN-BERGSTROM INT
7/6/18,0.03,AUSTIN-BERGSTROM INT
7/7/18,0.06,AUSTIN-BERGSTROM INT
7/8/18,0.1,AUSTIN-BERGSTROM INT
7/9/18,0.42,AUSTIN-BERGSTROM INT
7/10/18,1.77,AUSTIN-BERGSTROM INT
7/11/18,0,AUSTIN-BERGSTROM INT
7/12/18,0,AUSTIN-BERGSTROM INT
7/13/18,0,AUSTIN-BERGSTROM INT
7/14/18,0,AUSTIN-BERGSTROM INT
7/15/18,0,AUSTIN-BERGSTROM INT
7/16/18,0,AUSTIN-BERGSTROM INT
7/17/18,0,AUSTIN-BERGSTROM INT
7/18/18,0,AUSTIN-BERGSTROM INT
7/19/18,0,AUSTIN-BERGSTROM INT
7/20/18,0,AUSTIN-BERGSTROM INT
7/21/18,0,AUSTIN-BERGSTROM INT
7/22/18,0,AUSTIN-BERGSTROM INT
7/23/18,0,AUSTIN-BERGSTROM INT
7/24/18,0,AUSTIN-BERGSTROM INT
7/25/18,0,AUSTIN-BERGSTROM INT
7/26/18,0,AUSTIN-BERGSTROM INT
7/27/18,0,AUSTIN-BERGSTROM INT
7/28/18,0,AUSTIN-BERGSTROM INT
7/29/18,0,AUSTIN-BERGSTROM INT
7/30/18,0,AUSTIN-BERGSTROM INT
7/31/18,0,AUSTIN-BERGSTROM INT
8/1/18,0,AUSTIN-BERGSTROM INT
8/2/18,0,AUSTIN-BERGSTROM INT
8/3/18,0,AUSTIN-BERGSTROM INT
8/4/18,0,AUSTIN-BERGSTROM INT
8/5/18,0,AUSTIN-BERGSTROM INT
8/6/18,0.01,AUSTIN-BERGSTROM INT
8/7/18,0,AUSTIN-BERGSTROM INT
8/8/18,0,AUSTIN-BERGSTROM INT
8/9/18,0,AUSTIN-BERGSTROM INT
8/10/18,0,AUSTIN-BERGSTROM INT
8/11/18,0,AUSTIN-BERGSTROM INT
8/12/18,0.03,AUSTIN-BERGSTROM INT
8/13/18,0.58,AUSTIN-BERGSTROM INT
8/14/18,0,AUSTIN-BERGSTROM INT
8/15/18,0,AUSTIN-BERGSTROM INT
8/16/18,0,AUSTIN-BERGSTROM INT
8/17/18,0,AUSTIN-BERGSTROM INT
8/18/18,0,AUSTIN-BERGSTROM INT
8/19/18,0,AUSTIN-BERGSTROM INT
8/20/18,0.23,AUSTIN-BERGSTROM INT
8/21/18,0,AUSTIN-BERGSTROM INT
8/22/18,0,AUSTIN-BERGSTROM INT
8/23/18,0,AUSTIN-BERGSTROM INT
8/24/18,0,AUSTIN-BERGSTROM INT
8/25/18,0,AUSTIN-BERGSTROM INT
8/26/18,0,AUSTIN-BERGSTROM INT
8/27/18,0,AUSTIN-BERGSTROM INT
8/28/18,0,AUSTIN-BERGSTROM INT
8/29/18,0,AUSTIN-BERGSTROM INT
8/30/18,0,AUSTIN-BERGSTROM INT
9/1/18,0,AUSTIN-BERGSTROM INT
9/2/18,0,AUSTIN-BERGSTROM INT
9/3/18,0,AUSTIN-BERGSTROM INT
9/4/18,0.67,AUSTIN-BERGSTROM INT
9/5/18,0.4,AUSTIN-BERGSTROM INT
9/6/18,0.09,AUSTIN-BERGSTROM INT
9/7/18,0.02,AUSTIN-BERGSTROM INT
9/8/18,0.34,AUSTIN-BERGSTROM INT
9/9/18,0.49,AUSTIN-BERGSTROM INT
9/10/18,1.59,AUSTIN-BERGSTROM INT
9/11/18,0.21,AUSTIN-BERGSTROM INT
9/12/18,0.21,AUSTIN-BERGSTROM INT
9/13/18,0.28,AUSTIN-BERGSTROM INT
9/14/18,0.02,AUSTIN-BERGSTROM INT
9/15/18,0.41,AUSTIN-BERGSTROM INT
9/16/18,0.1,AUSTIN-BERGSTROM INT
9/17/18,0.12,AUSTIN-BERGSTROM INT
9/18/18,0,AUSTIN-BERGSTROM INT
9/19/18,0,AUSTIN-BERGSTROM INT
9/20/18,0,AUSTIN-BERGSTROM INT
9/21/18,0.33,AUSTIN-BERGSTROM INT
9/22/18,1.87,AUSTIN-BERGSTROM INT
9/23/18,0.01,AUSTIN-BERGSTROM INT
9/24/18,0,AUSTIN-BERGSTROM INT
9/25/18,0,AUSTIN-BERGSTROM INT
9/26/18,0,AUSTIN-BERGSTROM INT
9/27/18,0.02,AUSTIN-BERGSTROM INT
9/28/18,0,AUSTIN-BERGSTROM INT
9/29/18,0.06,AUSTIN-BERGSTROM INT
9/30/18,1.35,AUSTIN-BERGSTROM INT
10/1/18,0,AUSTIN-BERGSTROM INT
10/2/18,0.18,AUSTIN-BERGSTROM INT
10/3/18,0,AUSTIN-BERGSTROM INT
10/4/18,0,AUSTIN-BERGSTROM INT
10/5/18,0,AUSTIN-BERGSTROM INT
10/6/18,0.03,AUSTIN-BERGSTROM INT
10/7/18,0.19,AUSTIN-BERGSTROM INT
10/8/18,0.01,AUSTIN-BERGSTROM INT
10/9/18,0.96,AUSTIN-BERGSTROM INT
10/10/18,0.63,AUSTIN-BERGSTROM INT
10/11/18,0,AUSTIN-BERGSTROM INT
10/12/18,0,AUSTIN-BERGSTROM INT
10/13/18,0,AUSTIN-BERGSTROM INT
10/14/18,1.62,AUSTIN-BERGSTROM INT
10/15/18,0.1,AUSTIN-BERGSTROM INT
10/16/18,2.11,AUSTIN-BERGSTROM INT
10/17/18,0.18,AUSTIN-BERGSTROM INT
10/18/18,0.02,AUSTIN-BERGSTROM INT
10/19/18,0.16,AUSTIN-BERGSTROM INT
10/20/18,0.39,AUSTIN-BERGSTROM INT
10/21/18,0,AUSTIN-BERGSTROM INT
10/22/18,0,AUSTIN-BERGSTROM INT
10/23/18,0.3,AUSTIN-BERGSTROM INT
10/24/18,0.1,AUSTIN-BERGSTROM INT
10/25/18,0.47,AUSTIN-BERGSTROM INT
10/26/18,0,AUSTIN-BERGSTROM INT
10/27/18,0,AUSTIN-BERGSTROM INT
10/28/18,0,AUSTIN-BERGSTROM INT
10/29/18,0,AUSTIN-BERGSTROM INT
10/30/18,0,AUSTIN-BERGSTROM INT
10/31/18,0,AUSTIN-BERGSTROM INT
11/1/18,0.19,AUSTIN-BERGSTROM INT
11/2/18,0,AUSTIN-BERGSTROM INT
11/3/18,0,AUSTIN-BERGSTROM INT
11/4/18,0.43,AUSTIN-BERGSTROM INT
11/5/18,0.51,AUSTIN-BERGSTROM INT
11/6/18,0,AUSTIN-BERGSTROM INT
11/7/18,0.01,AUSTIN-BERGSTROM INT
11/8/18,0,AUSTIN-BERGSTROM INT
11/9/18,1.08,AUSTIN-BERGSTROM INT
11/10/18,0.01,AUSTIN-BERGSTROM INT
11/11/18,0,AUSTIN-BERGSTROM INT
11/12/18,0.31,AUSTIN-BERGSTROM INT
11/13/18,0.02,AUSTIN-BERGSTROM INT
11/14/18,0,AUSTIN-BERGSTROM INT
11/15/18,0,AUSTIN-BERGSTROM INT
11/16/18,0,AUSTIN-BERGSTROM INT
11/23/18,0,AUSTIN-BERGSTROM INT
11/24/18,0,AUSTIN-BERGSTROM INT
11/25/18,0,AUSTIN-BERGSTROM INT
11/26/18,0,AUSTIN-BERGSTROM INT
11/27/18,0,AUSTIN-BERGSTROM INT
11/28/18,0,AUSTIN-BERGSTROM INT
11/29/18,0,AUSTIN-BERGSTROM INT
11/30/18,0.01,AUSTIN-BERGSTROM INT
12/1/18,0.02,AUSTIN-BERGSTROM INT
12/2/18,0.04,AUSTIN-BERGSTROM INT
12/3/18,0,AUSTIN-BERGSTROM INT
12/4/18,0,AUSTIN-BERGSTROM INT
12/5/18,0,AUSTIN-BERGSTROM INT
12/6/18,0,AUSTIN-BERGSTROM INT
12/7/18,0.6,AUSTIN-BERGSTROM INT
12/8/18,2.31,AUSTIN-BERGSTROM INT
12/9/18,0.01,AUSTIN-BERGSTROM INT
12/10/18,0,AUSTIN-BERGSTROM INT
12/11/18,0,AUSTIN-BERGSTROM INT
12/12/18,0,AUSTIN-BERGSTROM INT
12/13/18,0,AUSTIN-BERGSTROM INT
12/14/18,0,AUSTIN-BERGSTROM INT
12/15/18,0,AUSTIN-BERGSTROM INT
12/16/18,0,AUSTIN-BERGSTROM INT
12/17/18,0,AUSTIN-BERGSTROM INT
12/18/18,0,AUSTIN-BERGSTROM INT
12/19/18,0.02,AUSTIN-BERGSTROM INT
12/20/18,0.06,AUSTIN-BERGSTROM INT
12/21/18,0,AUSTIN-BERGSTROM INT
12/22/18,0,AUSTIN-BERGSTROM INT
12/23/18,0,AUSTIN-BERGSTROM INT
12/24/18,0,AUSTIN-BERGSTROM INT
12/25/18,0,AUSTIN-BERGSTROM INT
12/26/18,0.01,AUSTIN-BERGSTROM INT
12/27/18,2.5,AUSTIN-BERGSTROM INT
12/28/18,1.16,AUSTIN-BERGSTROM INT
12/29/18,0,AUSTIN-BERGSTROM INT
12/30/18,0,AUSTIN-BERGSTROM INT
12/31/18,0.31,AUSTIN-BERGSTROM INT
8/31/18,0,AUSTIN-BERGSTROM INT
11/21/18,0,AUSTIN-BERGSTROM INT
11/22/18,0.03,AUSTIN-BERGSTROM INT
11/17/18,0,AUSTIN-BERGSTROM INT
11/18/18,0.13,AUSTIN-BERGSTROM INT
11/19/18,0.16,AUSTIN-BERGSTROM INT
11/20/18,0,AUSTIN-BERGSTROM INT
1/1/19,0.03,AUSTIN-BERGSTROM INT
1/2/19,0.34,AUSTIN-BERGSTROM INT
1/3/19,2.21,AUSTIN-BERGSTROM INT
1/4/19,0.03,AUSTIN-BERGSTROM INT
1/5/19,0,AUSTIN-BERGSTROM INT
1/6/19,0,AUSTIN-BERGSTROM INT
1/7/19,0,AUSTIN-BERGSTROM INT
1/8/19,0,AUSTIN-BERGSTROM INT
1/9/19,0,AUSTIN-BERGSTROM INT
1/10/19,0,AUSTIN-BERGSTROM INT
1/11/19,0,AUSTIN-BERGSTROM INT
1/12/19,0.32,AUSTIN-BERGSTROM INT
1/13/19,0,AUSTIN-BERGSTROM INT
1/14/19,0,AUSTIN-BERGSTROM INT
1/15/19,0,AUSTIN-BERGSTROM INT
1/16/19,0,AUSTIN-BERGSTROM INT
1/17/19,0.04,AUSTIN-BERGSTROM INT
1/18/19,0,AUSTIN-BERGSTROM INT
1/19/19,0.01,AUSTIN-BERGSTROM INT
1/20/19,0,AUSTIN-BERGSTROM INT
1/21/19,0,AUSTIN-BERGSTROM INT
1/22/19,0,AUSTIN-BERGSTROM INT
1/23/19,0.21,AUSTIN-BERGSTROM INT
1/24/19,0,AUSTIN-BERGSTROM INT
1/25/19,0,AUSTIN-BERGSTROM INT
1/26/19,0,AUSTIN-BERGSTROM INT
1/27/19,0.22,AUSTIN-BERGSTROM INT
1/28/19,0.11,AUSTIN-BERGSTROM INT
1/29/19,0,AUSTIN-BERGSTROM INT
1/30/19,0,AUSTIN-BERGSTROM INT
1/31/19,0,AUSTIN-BERGSTROM INT
2/1/19,0.02,AUSTIN-BERGSTROM INT
2/2/19,0.01,AUSTIN-BERGSTROM INT
2/3/19,0.02,AUSTIN-BERGSTROM INT
2/4/19,0,AUSTIN-BERGSTROM INT
2/5/19,0,AUSTIN-BERGSTROM INT
2/6/19,0,AUSTIN-BERGSTROM INT